Timestamp,exp_inlet,exp_outlet,exp_heatgen,heatgen_m1,heatgen_m2,heatgen_m3,heatgen_m4,heatgen_m5,heatgen_m6
42046.54549,59.96129209,58.64065811,3.309692119,10.61756995,-2.696832306,-3.767552916,0.019540372,-0.1142593,-0.74877368
42046.54561,59.87320454,58.57520376,3.994078777,11.20880534,-2.616237062,-3.681144944,0.012027243,-0.142852313,-0.786519484
42046.54572,59.7858708,58.49635511,4.295517938,11.46813885,-2.618275415,-3.63831252,0.015037086,-0.11580999,-0.815260074
42046.54584,59.68620137,58.42403138,3.809166315,11.1337258,-2.691025314,-3.715799599,-0.012032402,-0.126366559,-0.779335611
42046.54595,59.58057989,58.326437,3.950706951,11.25728348,-2.566769162,-3.803820586,-0.051148645,0.018056185,-0.90289432
42046.54607,59.49566508,58.24394553,4.545630864,11.49270465,-2.565840858,-3.890481487,0.15047472,0.167062687,-0.80828885
42046.54619,59.40527441,58.16181562,3.912604656,11.47515102,-2.743915702,-3.880730029,-0.109869432,-0.120430412,-0.707600794
42046.5463,59.32216596,58.10921204,6.555113486,11.70293407,1.17796836,-5.11370669,-0.248379068,-0.140026842,-0.823676343
42046.54642,59.24607035,58.06272819,9.52500537,12.93457267,5.295632915,-5.665235362,-1.356290818,-0.71829063,-0.965383407
42046.54653,59.18180377,58.17544665,12.41768506,12.87417324,6.584035327,-2.159076289,-1.64056934,-1.419969164,-1.820908712
42046.54665,59.08811092,59.68823253,26.39817337,13.19764374,7.063890112,1.221757741,4.280720845,4.081327859,-3.447166928
42046.54676,58.99935269,61.52824252,36.09026186,11.60709684,7.494410099,2.747910152,7.43589914,8.163565484,-1.358619855
42046.54688,58.9324314,62.76619738,42.97993469,12.10969473,6.342636268,3.63479552,9.569805012,10.48820384,0.834799322
42046.547,58.86034329,63.61205354,47.85277994,11.88162617,6.353900587,3.988989541,10.18898507,12.17574025,3.263538327
42046.54711,58.77309577,64.01136178,48.78838314,11.64052874,5.70567648,3.694474295,11.48696436,11.19103902,5.069700245
42046.54723,58.68451545,64.25040247,50.48148152,10.69193225,6.611207164,3.998814107,11.06680744,13.03565367,5.07706689
42046.54734,58.62180013,64.47826184,54.8563384,11.87116218,7.886626591,4.072527863,11.31339821,13.92147337,5.791150178
42046.54746,58.54614137,64.59078601,55.36870708,11.75264742,8.20000732,4.414164631,11.42457158,14.24342447,5.333891658
42046.54758,58.49093532,64.69480774,56.11876541,12.5364291,8.880643692,3.882800588,11.05575414,14.72419635,5.038941533
42046.54769,58.42298304,64.90263034,56.70830951,11.89236089,8.68012547,4.036556954,11.17902143,14.92238822,5.997856548
42046.54781,58.36106874,64.90091628,56.61260568,11.71929158,8.939494719,4.313906861,10.8776734,14.66873553,6.093503587
42046.54792,58.28728509,64.83381024,56.45361007,11.81633455,9.004356501,4.003689707,10.20221586,15.09966542,6.327348033
42046.54804,58.23635285,64.85963645,58.36098929,11.95457653,9.134944598,4.162626565,11.04131963,15.49769149,6.569830481
42046.54815,58.18123856,64.92162483,59.98244592,12.81967763,9.553373099,4.290028104,11.29296873,15.50167257,6.52472579
42046.54827,58.13305651,64.95266085,58.12090558,11.98134067,8.659659218,4.144572363,11.80075859,15.12686518,6.407709554
42046.54839,58.0694049,65.05139575,60.64164333,12.10541776,9.314936964,4.406921957,12.32354409,15.35115014,7.139672422
42046.5485,58.03114792,65.02533789,57.94087352,11.14643985,8.650607724,4.850814492,11.16810196,15.95128913,6.173620373
42046.54862,57.99412552,65.09730647,59.78714789,11.03710201,8.695579582,4.984278743,11.45428042,16.43484594,7.181061202
42046.54873,57.96598898,64.98813384,59.65738763,11.43767892,8.640096672,5.251123464,11.29685759,16.16509536,6.866535626
42046.54885,57.92268831,65.01709656,59.82723018,11.64430225,8.662803112,5.0698787,10.92555646,16.09965602,7.425033642
42046.54896,57.88385206,64.88089382,59.57159557,10.99812499,8.465092303,4.864583974,11.51036119,16.4668657,7.266567413
42046.54908,57.85434363,64.8610986,59.16857722,10.98734265,8.481583042,4.402754748,10.90633096,16.26315346,8.127412353
42046.5492,57.83513522,64.66984772,59.1074879,10.91492177,8.345054642,4.897520284,11.35584374,16.60317122,6.99097626
42046.54931,57.81851121,64.76217142,60.47132495,11.202725,8.394418862,5.08494142,11.25542542,16.58035472,7.953459534
42046.54943,57.79063939,64.6821619,59.93193011,10.89494906,8.824912198,4.822556184,10.94375065,16.53266841,7.913093603
42046.54954,57.78648429,64.59331259,59.55551446,11.09390325,8.580233576,5.365285161,11.4171532,15.38663202,7.712307254
42046.54966,57.76479315,64.60013758,60.16746508,10.66123489,8.419869697,4.949966469,11.26572504,16.45608663,8.414582348
42046.54977,57.73500635,64.46219079,59.28280101,11.47153274,8.054130209,5.185385097,11.02458548,16.28239131,7.264776184
42046.54989,57.72868133,64.47425827,59.19699061,11.5676627,8.614841701,4.533102885,11.45589025,16.04996205,6.975531012
42046.55001,57.73392848,64.64128662,61.23093385,10.82600462,8.972959323,5.422069304,11.60979838,16.3081968,8.091905426
42046.55012,57.72786002,64.49988259,59.61308714,10.79601703,8.456966544,5.03803054,11.5840396,16.12516817,7.612865267
42046.55024,57.72340418,64.58597228,61.61086414,11.50526132,8.530302173,5.421735249,11.64525796,16.69218972,7.816117722
42046.55035,57.72242547,64.57692887,61.98423926,11.15942298,9.089459162,4.949392546,11.89066245,16.92520844,7.970093676
42046.55047,57.73622627,64.61870456,61.93498735,11.70651583,8.640680292,5.177021738,11.4704534,16.24015084,8.70016526
42046.55058,57.74093802,64.41342659,59.27874897,10.67285442,8.385640875,4.935642236,11.45987794,16.3880047,7.436728805
42046.5507,57.74935487,64.51527086,60.58320395,10.78262273,8.05996562,5.230718582,11.65452005,16.55237262,8.303004351
42046.55082,57.74389831,64.32046225,59.76624125,10.60313742,8.746855244,4.93265723,10.97153511,16.59039289,7.921663354
42046.55093,57.76124778,64.30034145,59.9280343,10.57266866,8.571040628,4.942924832,11.05491141,16.42058531,8.365903457
42046.55105,57.76031519,64.05377794,57.01816767,9.823249264,8.313103301,4.650543083,11.23778609,16.2469863,6.74649964
42046.55116,57.80025401,64.1568209,59.33451072,10.73852131,8.424459367,5.162700726,11.18761786,16.11026026,7.710951201
42046.55128,57.81389923,64.28585137,60.44466254,10.79279053,8.529507694,4.974350283,11.51212385,15.74267008,8.893220101
42046.55139,57.84689463,64.22127567,60.70903624,11.16793011,8.929143399,4.845908786,11.12002808,16.70463839,7.94138747
42046.55151,57.87242093,64.19855431,60.45218135,11.19300796,9.351508329,4.932900846,11.47862774,16.41925167,7.076884807
42046.55163,57.86835517,64.36370238,61.30327267,11.3438364,8.775011142,5.266839637,11.21834471,16.77521541,7.924025359
42046.55174,57.90240136,64.33693102,59.84734742,10.78156141,8.727741304,4.864864454,11.33325688,16.55147983,7.588443547
42046.55186,57.92129238,64.45729376,60.14516837,11.08972203,8.631080301,4.756308363,10.86367783,16.57942314,8.224956704
42046.55197,57.92452969,64.41077262,61.29532979,10.96645125,8.634025843,5.061688353,11.6154739,17.01204755,8.005642889
42046.55209,57.94339795,64.52797293,61.92392114,11.1540135,8.895438799,5.360855683,11.14274326,16.76793089,8.602939009
42046.5522,57.97437492,64.49254006,62.83137416,11.27937568,8.610513282,5.234115224,11.72975921,17.37366893,8.603941842
42046.55232,58.00197341,64.41093385,60.75549994,10.53652372,8.527091905,5.155517812,11.46149409,17.18180743,7.893064983
42046.55244,58.02365849,64.45788911,62.04836627,11.41302519,8.803708098,5.179405899,11.82039099,16.52314792,8.308688167
42046.55255,58.05793935,64.45981578,61.70692715,10.97158394,9.124951275,5.207552917,11.31583588,16.88852195,8.198481186
42046.55267,58.09528507,64.44261459,61.59811926,11.05355853,8.967600019,5.207103847,11.94603808,16.4858644,7.937954381
42046.55278,58.0972771,64.51115888,61.47568552,11.35884378,8.79458116,5.24908401,11.81969562,16.13703823,8.116442725
42046.5529,58.13225345,64.51646967,61.33135702,10.84255479,8.75014851,5.161408208,11.15578686,17.27263866,8.148819987
42046.55301,58.15287949,64.49334718,62.29036777,11.42684349,8.611363768,4.911554679,12.17717066,17.29574743,7.867687744
42046.55313,58.20523416,64.52697635,60.52849546,10.79414715,8.735214535,4.828295724,11.61229035,16.59413826,7.964409437
42046.55325,58.24619089,64.5465465,62.09628338,10.87735936,8.844287002,5.205227896,12.00051363,17.2066966,7.962198895
42046.55336,58.27390461,64.64859204,61.75722003,10.85735509,9.223910993,5.164254926,11.63306261,16.21007943,8.668556978
42046.55348,58.28645114,64.53494581,61.5490351,10.70916861,9.378611956,4.992718469,11.33820946,17.27693057,7.853396025
42046.55359,58.30345777,64.68793425,60.99155747,10.23841485,9.230771386,4.866257753,11.30778531,16.60236983,8.745958342
42046.55371,58.35247377,64.63890839,62.67312465,11.20866455,9.07801053,5.22048178,11.62054123,17.11243534,8.43299121
42046.55382,58.37327507,64.61686003,60.95999662,10.72050808,9.000879675,4.95424083,11.30149802,16.90294436,8.079925659
42046.55394,58.41600116,64.68794517,61.73213374,11.04539544,9.453791498,4.983695574,11.3905136,16.67767299,8.181064638
42046.55406,58.47647956,64.75029911,61.73127632,10.39296708,9.102461965,5.17987182,11.59450184,16.94393474,8.517538873
42046.55417,58.51178805,64.7330908,61.77356452,10.59211591,9.097174529,5.138938395,11.72588769,17.12415983,8.095288175
42046.55429,58.55502341,64.72356761,62.15534023,11.04314007,8.941550042,5.145976953,11.82825994,16.77317279,8.423240434
42046.5544,58.58595304,64.76137309,61.60487403,10.44354694,9.200832872,5.289844519,11.41016101,16.92190034,8.338588345
42046.55452,58.60826749,64.74688763,61.35581813,10.58605716,9.254374152,4.65859158,11.73842077,16.60158528,8.516789193
42046.55463,58.64732179,64.80109073,61.45278044,11.00699969,9.107877277,4.880528876,11.53770303,16.61368677,8.305984795
42046.55475,58.6718416,64.67631754,61.26112187,11.00996821,9.391114462,4.998881191,11.57888356,16.80904954,7.473224908
42046.55487,58.70092147,64.88952451,61.02242368,11.19930084,8.495355944,4.960954714,11.16097478,16.44353391,8.762303487
42046.55498,58.732715,64.89816682,61.54563073,10.605519,8.892725313,5.618336986,11.63892762,16.41987915,8.370242659
42046.5551,58.73688549,65.06387924,63.24086781,10.97744642,8.808471311,5.157199792,11.329482,17.38373695,9.584531331
42046.55521,58.79451411,64.87288779,60.43493611,10.64040751,9.046150869,5.306732228,11.58008839,16.24352755,7.618029566
42046.55533,58.81778261,65.01956573,61.41423131,10.64253645,8.779838003,5.127781347,11.58701937,16.88000946,8.397046676
42046.55544,58.85196525,64.98645253,62.29664777,10.67391707,9.206932169,5.142322957,12.05859321,16.97880872,8.236073641
42046.55556,58.8959074,65.15039265,62.33828409,10.5352303,9.218089891,4.979670698,11.68684016,16.75395536,9.164497687
42046.55568,58.92002429,65.09088225,62.02691304,10.54306317,9.963754931,4.853379008,11.50491512,17.05892913,8.102871689
42046.55579,58.93743034,65.09144522,62.05431511,10.55935051,9.409395264,5.19989869,11.71579864,17.05226368,8.117608328
42046.55591,58.96757016,65.13048057,61.5466229,11.01192368,8.452484814,4.897783337,11.78100604,17.47075661,7.932668429
42046.55602,59.00040954,65.16302327,61.12324777,10.68585284,8.909714491,5.245697933,11.12019753,16.94936233,8.212422647
42046.55614,59.00759988,65.24279055,62.35322449,10.66121246,9.16305314,5.029375361,11.86974436,16.60554769,9.024291483
42046.55625,59.06280513,65.30078572,62.25334619,11.23548025,8.247990417,4.947839846,11.72876905,17.31724462,8.776022004
42046.55637,59.08248063,65.22810991,60.57380378,10.7873105,9.307177473,4.777992811,11.18263451,16.37974137,8.138947109
42046.55649,59.12482084,65.28917754,63.0821556,11.23322499,9.11127936,5.022132866,11.89234043,17.4227992,8.400378759
42046.5566,59.11354734,65.35320793,63.45478974,11.00731322,9.927546314,4.852552422,11.8713812,17.2458433,8.550153285
42046.55672,59.157477,65.41698021,62.88847913,10.5367045,9.628036182,4.75304081,12.02599103,17.3924814,8.55222521
42046.55683,59.22541064,65.48566042,63.45952452,11.0016728,9.140420401,5.770720603,12.02119884,16.4323668,9.093145077
42046.55695,59.22824871,65.50999955,62.31915845,11.05268146,9.435722347,4.834686739,12.23209069,16.21030748,8.553669732
42046.55707,59.25590472,65.39152302,62.26742957,11.0784282,8.666990977,4.873302775,12.0799804,17.40474217,8.163985051
42046.55718,59.26568713,65.41383056,60.87159789,10.53094123,9.266850083,4.907728072,11.28977853,16.85329191,8.023008061
42046.5573,59.30790379,65.45976483,62.11527037,10.72356673,9.00339955,5.11570782,11.88072534,17.21391054,8.177960376
42046.55741,59.30731967,65.47665679,62.43832301,10.9271273,9.74564742,5.034629768,11.61957608,17.40228798,7.709054465
42046.55753,59.32192408,65.49929495,61.0833331,10.73507249,9.361327866,5.241381539,11.48135515,16.43261836,7.831577691
42046.55764,59.34382741,65.66811389,62.63858908,10.89135751,9.833279659,4.723777392,11.55116063,16.79727243,8.841741449
42046.55776,59.33931555,65.50387899,62.08789413,11.06512025,9.332352121,4.989149498,12.11023663,16.64596493,7.945070709
42046.55787,59.35526097,65.60402566,62.54911698,11.30420612,9.4653793,5.048876256,11.75889803,16.70520884,8.266548428
42046.55799,59.36342334,65.58976748,61.43705936,11.21242254,9.725969303,4.718824414,11.71946906,16.47688861,7.583485441
42046.55811,59.37608769,65.69447896,63.46591389,11.21866529,9.662519615,5.063492705,11.96617769,17.10954057,8.445518024
42046.55822,59.40707645,65.74130555,62.07153419,10.76790557,9.080061154,4.826251765,11.62074046,17.2193841,8.557191146
42046.55834,59.41241822,65.7840468,63.67199249,11.23314554,9.544718336,5.235440811,11.96222985,16.76518505,8.931272898
42046.55845,59.42258649,65.7117536,63.19141341,11.18120387,9.088618727,5.57408868,11.67707723,17.40846068,8.261964225
42046.55857,59.43027533,65.83994745,63.27009083,11.1221505,9.44370151,5.197686283,12.01237312,16.41224649,9.081932937
42046.55869,59.45080833,65.85080275,64.08239618,11.36527417,9.696476796,5.021974939,11.79457225,17.59872066,8.605377364
42046.5588,59.45770665,65.8408849,62.88742433,11.04764259,9.438448841,5.177681148,11.65938197,16.47844781,9.085821969
42046.55892,59.47524924,65.80910587,63.47350859,10.9069319,9.50682673,5.328869412,11.76360344,17.75305657,8.214220539
42046.55903,59.50388976,65.91071238,62.97045022,10.70700192,9.351764211,5.010658083,11.26692411,17.87275651,8.761345386
42046.55915,59.51215887,65.89342619,64.04218456,10.86074782,9.913641663,5.487064285,11.87756452,17.3680016,8.535164677
42046.55926,59.52379633,66.01054604,64.18539973,11.31797476,9.433699307,5.211229065,12.12141846,17.12935809,8.97172005
42046.55938,59.53784359,65.99118564,63.73567343,11.28852745,9.139483868,5.578087653,11.57565393,17.51774198,8.636178551
42046.5595,59.57289078,65.94327381,63.57114068,11.21727683,9.846150827,5.200027556,11.54339015,17.44292943,8.321365879
42046.55961,59.58723848,65.97259898,63.13111208,10.77445914,9.441134543,5.637371692,12.1343727,17.06517434,8.078599671
42046.55973,59.61862275,66.11770847,64.70686593,11.63919591,9.744567888,5.361217336,11.89988822,17.0220434,9.039953171
42046.55984,59.63339498,66.22697453,65.02108148,11.58432289,9.705271985,5.453950978,11.89643844,16.71621207,9.664885122
42046.55996,59.66371048,66.19562511,64.71819836,10.71876511,9.589067748,5.727619062,11.754652,17.70070907,9.227385366
42046.56007,59.68872477,66.24701586,64.88305505,11.14557006,9.566036192,5.489085629,12.05800557,17.35572839,9.268629203
42046.56019,59.72428541,66.18528598,63.28138205,10.70545805,9.583174065,5.043719715,11.7246292,17.23607583,8.988325203
42046.56031,59.76358688,66.23727031,63.5345323,11.45087672,9.459492777,5.314370523,11.79691745,16.46707023,9.045804596
42046.56042,59.7818018,66.15800859,63.67124741,11.36453148,10.2409488,4.978714676,12.17353871,16.62926765,8.284246105
42046.56054,59.82331918,66.25476403,64.25066076,10.98676543,9.551144004,5.715113113,11.90617248,17.32794371,8.763522023
42046.56065,59.84524002,66.25356706,63.55810798,10.63101904,9.538607735,5.20414226,12.39343094,17.27610108,8.514806938
42046.56077,59.85968355,66.34212018,63.76660176,11.42219575,9.190600284,5.078014937,12.46750265,16.54227841,9.066009721
42046.56088,59.89547884,66.19416738,64.74317793,11.14484541,10.12895018,5.555402709,12.37995045,17.18299602,8.351033154
42046.561,59.89468025,66.26370422,62.76172391,10.47074474,9.444524945,5.378628637,11.93394233,16.85400198,8.679881272
42046.56112,59.94228016,66.33449879,63.19193421,10.77227763,9.663573985,5.018720836,12.11223115,16.97170018,8.65343043
42046.56123,59.9693764,66.39065613,63.53027703,11.07762318,8.849907493,5.229453444,11.74338616,17.54793938,9.081967365
42046.56135,59.98078957,66.44639378,64.36467053,10.83637112,9.310837212,5.489838147,11.9090722,17.93583721,8.882714641
42046.56146,60.04173172,66.36542701,63.99342933,10.85413768,9.692850493,5.270542889,12.07212233,17.4416907,8.662085233
42046.56158,60.07010975,66.55142812,64.65560501,11.18427208,9.713167026,4.797218535,11.74378127,17.54683833,9.670327772
42046.56169,60.0941215,66.55455979,64.68309695,11.21584187,9.668905542,5.141019933,11.80097624,17.78757829,9.068775077
42046.56181,60.12794746,66.64430811,65.93404664,11.20000975,9.457236384,5.619500181,12.24877989,18.21951091,9.189009527
42046.56193,60.15523774,66.47220381,63.60354251,11.01813349,9.854645414,5.457530502,12.41414734,16.85089746,8.008188299
42046.56204,60.16685589,66.77496118,65.64844143,11.01608786,9.370915698,5.328661308,12.33578877,17.13271913,10.46426867
42046.56216,60.20225831,66.83604446,65.33212742,10.99486137,9.540804004,5.353666343,12.18090152,17.22731529,10.0345789
42046.56227,60.22251919,66.67888277,63.77818991,10.98228403,9.626939267,4.934432714,12.06048126,17.26191309,8.912139549
42046.56239,60.2241176,66.61463052,64.04167433,11.18275301,9.569959743,5.3922124,12.17105647,17.39175684,8.333935861
42046.5625,60.23683602,66.62597902,62.3181302,10.8692082,9.325768886,5.104779831,12.02552648,16.6352763,8.357570509
42046.56262,60.27826141,66.70561823,63.59335108,10.69967346,9.598647209,5.289789794,11.68210343,17.06251848,9.2606187
42046.56274,60.27045967,66.8201173,63.25369195,10.53733801,8.917912645,5.192581922,11.8988863,17.14176591,9.565207164
42046.56285,60.30697479,66.7412157,64.93478988,11.12932452,10.50138812,5.343274366,12.00564195,16.88353782,9.071623101
42046.56297,60.30468016,66.79581272,62.70506104,10.84328323,8.719605888,5.189070685,12.01001615,16.46666543,9.476419662
42046.56308,60.31110171,66.73301604,63.55737484,11.09986445,9.651298154,5.145608466,11.54035715,17.19072477,8.929521851
42046.5632,60.31911914,66.85075892,64.54033769,11.62124604,9.063299435,5.230772556,12.25603608,16.79297167,9.576011909
42046.56331,60.33205467,66.83074553,64.35910211,10.87236613,9.586390249,5.29639059,12.15829781,17.20459359,9.241063744
42046.56343,60.36134061,66.94261161,64.74496752,10.47832241,9.847443452,5.156826843,11.71648534,17.56773533,9.978154142
42046.56355,60.37566778,66.84582615,63.62039108,11.18152356,9.181493352,5.32115701,11.91034628,17.32197152,8.703899362
42046.56366,60.38048764,66.86093831,64.19819818,10.82717776,9.8064433,5.294131076,12.25244115,17.00055192,9.017452974
42046.56378,60.38732513,66.87425663,63.2238572,10.70284668,9.840546797,5.386649603,12.10541157,16.76415945,8.424243116
42046.56389,60.39705563,66.96638317,64.51372531,10.93986902,9.807365361,5.310228583,11.89754508,17.19537059,9.363346682
42046.56401,60.38945908,67.03561811,64.95368382,11.53548192,9.520235975,5.509137773,12.28288956,16.75764438,9.348294207
42046.56413,60.39636895,67.01474365,64.34608407,11.05338329,9.011606209,5.410308456,11.89281772,17.85825997,9.119708426
42046.56424,60.42301693,67.04156038,63.9160748,10.9724,8.931700716,5.275398026,12.06380355,17.21616457,9.456607933
42046.56436,60.45764982,67.1448735,64.1758724,10.92587659,8.919030465,5.626270565,11.74446615,16.76534254,10.19488609
42046.56447,60.44266925,67.04101656,64.28164336,11.06537297,9.459020481,5.409621568,11.81811203,17.44822886,9.081287448
42046.56459,60.45011642,67.10734692,64.78643131,11.26694592,9.384085577,5.280959469,12.02838969,17.24176587,9.584284792
42046.5647,60.47636714,67.19759142,65.09284191,11.10271106,9.80364186,5.095263446,12.13979259,16.78400855,10.1674244
42046.56482,60.47879278,67.18724725,64.4029435,10.89041715,9.522329467,5.416571767,12.00807701,17.08368347,9.481864641
42046.56494,60.51090339,67.11829232,65.54341821,10.76042074,10.15872755,5.547857704,12.05371026,17.80099561,9.221706346
42046.56505,60.52622699,67.26772625,65.10054036,11.00987162,9.2911929,5.281528235,11.95612832,17.09106111,10.47075817
42046.56517,60.53955548,67.08865956,65.99341005,11.12458136,9.960610624,5.942010876,12.04688014,17.56528918,9.354037865
42046.56528,60.55422667,67.15458464,63.9536768,11.07728333,9.392186014,5.329000122,11.88651174,16.6105757,9.658119899
42046.5654,60.56836886,67.14675139,64.88598741,11.15311611,9.116758139,5.482739797,11.96384196,17.6102303,9.559301096
42046.56551,60.60094141,67.18933525,64.62479868,10.84778888,9.477841715,5.374733997,11.76281471,17.5314011,9.630218272
42046.56563,60.62026751,67.26102438,64.7912836,11.15820038,9.099215183,4.879823107,11.92952597,17.60372808,10.12079088
42046.56574,60.64934662,67.23607483,65.47105205,11.04966036,9.538153343,5.670026238,12.19622439,16.98922327,10.02776445
42046.56586,60.64937,67.08627915,62.91316122,10.4539935,9.561966816,5.205249331,11.76603082,16.97861048,8.947310269
42046.56598,60.68128689,67.2453327,65.75331105,10.91321114,9.70030619,5.438062379,12.45525507,17.65971716,9.586759124
42046.56609,60.70103516,67.11880639,63.23865588,10.09833018,9.719193428,5.425743242,12.28428678,16.88123839,8.829863855
42046.56621,60.75098274,67.30548353,64.98094723,10.82249065,9.60469009,5.387895005,12.06068183,17.37357014,9.731619516
42046.56632,60.77084604,67.33269714,65.3238044,10.82562775,10.08672383,5.142487418,11.61631016,17.61873483,10.03392042
42046.56644,60.78868369,67.38073047,65.30545218,10.78235964,10.40448461,5.046658847,12.11735745,16.97040666,9.984184969
42046.56656,60.80110264,67.36199777,65.7492212,11.21898546,9.947031067,5.446803008,11.94248723,17.4457002,9.748214225
42046.56667,60.82861293,67.29607215,65.33783106,11.1883551,10.03453569,5.359889808,12.1176867,17.55503414,9.082329617
42046.56679,60.85431413,67.47780445,66.09435975,11.0963132,10.10562616,5.259478827,12.44251002,17.3062828,9.884148743
42046.5669,60.88231529,67.47910239,66.41597437,11.18157855,9.56873631,5.366735803,12.43124384,17.88860697,9.979072897
42046.56702,60.90810686,67.44886053,66.07837002,11.05525854,10.38511255,5.493261348,12.21254668,17.53394599,9.39824492
42046.56713,60.92111844,67.4157167,64.12788459,10.91679843,9.430091836,5.303328949,12.27769008,17.46737239,8.732602903
42046.56725,60.94094215,67.29867759,62.82270034,11.07060184,9.71650933,5.328540422,12.05175718,16.42697469,8.228316876
42046.56737,60.93218514,67.62225045,65.52377074,10.68725545,9.874768845,5.435965675,12.29349083,17.11019098,10.12209896
42046.56748,60.95874059,67.56500569,65.98093187,11.19114228,9.775598884,5.238567787,12.28679853,17.99209384,9.496730562
42046.5676,60.96310073,67.53532048,64.89848058,11.18654698,9.833634519,5.469844701,12.16561711,16.84465039,9.398186869
42046.56771,60.96740707,67.58776238,66.14104392,11.31078927,10.17541401,5.732588861,12.19221509,17.27840591,9.451630763
42046.56783,60.95865747,67.62560617,66.37955436,11.18886397,9.719977879,5.390655074,12.41772687,17.80497019,9.857360372
42046.56794,60.97215502,67.67468049,65.10975233,10.57674284,9.927164026,4.972322237,12.06939239,17.64009641,9.924034414
42046.56806,60.96720864,67.60906104,63.86489841,10.67283511,9.667219425,5.482952467,11.54403659,17.40446281,9.093391997
42046.56818,60.97821053,67.70826609,64.62533649,10.16568543,9.886414037,5.397693015,11.9017374,17.56042695,9.71337965
42046.56829,60.98239853,67.69341262,64.83897381,11.4603246,9.597980097,5.481162764,11.89858606,16.727934,9.672986281
42046.56841,60.97561044,67.7806835,65.57130147,10.96248452,9.417315651,5.597621011,11.81053997,17.63771147,10.14562885
42046.56852,60.97154128,67.82140547,65.40486216,10.83778953,9.669713056,5.50954366,11.83586367,17.34079974,10.21115251
42046.56864,60.97822209,67.83210327,64.24393119,10.90800353,9.266319078,5.085410833,11.41339584,17.34495675,10.22584516
42046.56875,60.98712746,67.77605551,65.49345541,11.34830364,10.06618832,5.34647398,11.92461748,16.65092081,10.15695118
42046.56887,60.9669746,67.69906781,64.40510737,11.18865184,9.856073182,5.312332511,11.74158984,17.030287,9.276172993
42046.56899,60.97763484,67.94481612,66.3355942,10.73122929,9.707895118,5.580809764,11.67690442,17.84235932,10.79639629
42046.5691,60.99963477,67.92893077,64.97123978,10.76861718,9.699870739,5.450652288,11.67935908,17.24038258,10.13235793
42046.56922,61.00154914,68.05219851,67.3919244,11.36098048,9.513102608,5.154972869,12.15204568,17.77554089,11.43528188
42046.56933,60.99334366,67.88413985,66.10689677,10.72023899,9.944632466,5.27295507,12.0015137,18.16334193,10.0042146
42046.56945,61.01651089,68.0646667,66.62626391,10.76288101,9.872372644,6.014442316,11.73961578,17.34943825,10.88751391
42046.56956,61.0108507,67.89198342,64.92859897,10.99145571,9.615671234,5.936971833,11.53672099,17.10351278,9.744266421
42046.56968,61.00890259,67.81637203,64.85219086,11.01254061,9.835058643,4.959135264,12.07679593,17.71183278,9.256827627
42046.5698,61.01816433,67.95772261,66.31968674,10.79273079,9.94085497,5.302361399,12.25411047,17.88011223,10.14951689
42046.56991,61.01679024,67.96351635,66.27048607,11.70844445,9.851346821,5.5576526,12.11375692,17.23273117,9.806554099
42046.57003,61.03113606,68.02597289,66.2299182,11.50276427,9.412071654,5.954454409,11.83603978,16.82534833,10.69923976
42046.57014,61.05148601,67.97418394,65.91828698,11.23723949,9.873063297,5.706503543,12.06087541,17.25859178,9.782013456
42046.57026,61.04205191,67.82392907,64.6193858,10.95522029,9.238591593,5.754402563,12.11020335,17.38688034,9.174087654
42046.57037,61.05437899,67.93296123,66.36302665,10.95801602,9.802746796,5.528890094,12.34712338,17.73851782,9.987732541
42046.57049,61.06165133,68.0190342,67.24181109,11.20026692,9.581679071,5.475041874,11.92034365,18.56567546,10.49880411
42046.57061,61.09984074,68.01594824,66.39532551,11.24315229,9.442086924,6.083594696,11.83735912,17.49835881,10.29077366
42046.57072,61.10601791,68.03823418,65.88093853,10.72279229,9.474793386,5.575966048,11.68652381,17.77100146,10.64986154
42046.57084,61.11339167,68.0679835,65.91269444,10.6841883,9.259585705,5.789274362,12.15910344,17.04599778,10.97454485
42046.57095,61.14776056,68.0060049,66.7586946,10.98638524,9.593324609,5.656100857,12.56531436,17.67829005,10.27927947
42046.57107,61.16327654,68.10993187,67.86805526,10.79739003,10.09588684,5.85585269,11.91033904,18.09360475,11.11498192
42046.57118,61.17196995,67.92089968,65.64631588,10.81999868,9.621126755,5.630397784,12.40230945,17.6343128,9.538170403
42046.5713,61.20239891,67.89238099,64.02100337,10.52840396,9.592166434,5.255560501,11.72438852,17.38577556,9.534708392
42046.57142,61.22443141,68.05252123,66.05963013,10.84392354,9.991694982,6.02970624,11.41076166,17.15260568,10.63093802
42046.57153,61.24033384,68.19556783,67.50928027,10.9764758,9.300348812,5.998129842,12.00818482,17.72558136,11.50055965
42046.57165,61.26821381,68.10606953,66.00006981,10.74044733,9.317765621,5.583028886,11.87327741,17.63516337,10.85038718
42046.57176,61.28231541,68.00707243,65.31008894,10.78085744,9.362168154,5.409797901,12.03542356,17.5168243,10.20501759
42046.57188,61.30319143,68.04694002,66.51253126,10.57197,9.515527718,6.033130611,11.93804762,18.13159457,10.32226075
42046.57199,61.34790039,68.18269012,66.29637514,11.16954287,9.48314581,5.62677621,12.4436792,16.69642018,10.87681087
42046.57211,61.37243994,68.08336555,65.55341015,11.20116352,9.579558117,6.09776009,11.80492463,16.57762914,10.29237465
42046.57223,61.40785691,68.11289347,66.14271866,11.01731728,9.714686193,5.972152338,12.2290235,16.8269959,10.38254345
42046.57234,61.43663138,68.0184668,63.70070254,10.91815716,9.500607494,5.409382778,11.57963336,16.92991926,9.363002494
42046.57246,61.4850466,68.07037385,66.28067128,10.74391763,10.02030558,5.716108318,12.29710156,17.42458577,10.07865242
42046.57257,61.513686,68.25456921,65.13850203,10.64088757,9.174006944,5.648648482,11.50502213,17.18216362,10.98777329
42046.57269,61.54749332,68.25002672,65.90041733,10.49235229,9.380663225,5.579607015,11.8527019,17.6930363,10.9020566
42046.57281,61.60406407,68.16230249,65.47745566,10.39577677,9.893797756,5.249425966,12.0970712,17.26653954,10.57484442
42046.57292,61.60884934,68.26693687,66.97530431,11.07766712,9.775866749,5.77863483,12.33388873,17.53303665,10.47621023
42046.57304,61.64280284,68.27619906,65.0778846,11.15291592,9.159432799,5.237054494,11.52705845,16.87809012,11.12333282
42046.57315,61.65643122,68.08224882,65.21279844,11.04784529,9.564705242,5.792936699,12.04810703,17.71298464,9.046219541
42046.57327,61.67844642,68.23184659,65.86308393,10.74374794,9.798197122,5.97888315,11.49922801,17.79990645,10.04312126
42046.57338,61.70984602,68.15974854,65.95609685,11.51256034,9.974929437,5.570183991,12.29854958,16.91895938,9.680914116
42046.5735,61.73723019,68.42329056,66.3029071,11.04882011,10.29186912,5.760660351,11.38011532,17.14853873,10.67290348
42046.57361,61.75797207,68.31480983,65.59501151,11.15922402,9.93510022,5.942131583,11.53009353,17.28917853,9.739283635
42046.57373,61.79249106,68.30918969,65.22505598,9.979989955,9.75413904,5.798725267,11.95232647,17.49058042,10.24929484
42046.57385,61.82451384,68.42488971,65.53308952,11.15292425,9.364537791,5.308126258,11.78182916,16.90310664,11.02256543
42046.57396,61.82180744,68.26188193,64.98669864,10.75802092,9.345116147,5.692504484,11.80408872,17.50286251,9.884105864
42046.57408,61.88014501,68.39265662,66.05066991,11.57816464,9.542237336,5.364104122,11.83853352,17.49950478,10.22812552
42046.57419,61.90072223,68.35386643,63.54349088,10.37555781,9.410768968,5.463792434,11.20366205,17.0597965,10.02991312
42046.57431,61.93573422,68.35366586,64.98293746,10.70646195,9.338545038,5.534831541,12.15143412,17.64654849,9.605116315
42046.57443,61.96666581,68.33036166,64.47516473,10.53416045,9.270793375,5.760880433,12.18628361,17.21818395,9.504862918
42046.57454,61.98181865,68.57452416,64.56108751,10.59006068,9.636972974,5.318298365,11.38487201,16.46312147,11.16776202
42046.57466,62.0202251,68.45032287,65.24157879,10.86323541,9.315968893,5.383452664,11.73399446,17.60493019,10.33999717
42046.57477,62.06358214,68.35009222,64.17965865,10.51968246,9.97647352,5.365075155,11.52443387,17.28192182,9.512071826
42046.57489,62.10180167,68.47892109,64.7934693,10.55639412,9.496004441,5.678816162,12.27820798,16.67341234,10.11063425
42046.575,62.14118643,68.48510334,65.92416969,10.75562937,9.545901911,5.968691218,11.7979519,17.68067024,10.17532505
42046.57512,62.16203758,68.53032236,65.75518242,11.1800389,9.721095178,5.42791891,11.74243232,17.61599088,10.06770623
42046.57524,62.20181477,68.55816605,64.8140635,10.24050568,9.730686685,5.680590374,11.75026816,16.97180156,10.44021104
42046.57535,62.21907177,68.5458413,64.34614751,11.17179688,9.462272787,5.726488603,11.52060582,16.70188574,9.763097675
42046.57547,62.27021408,68.6141363,65.57169088,10.8960782,9.349578688,5.919393775,11.70694996,17.37543076,10.32425949
42046.57558,62.32636536,68.76601242,64.86483172,10.58620043,9.157985614,5.549571981,11.23527261,17.15934195,11.17645913
42046.5757,62.34736346,68.56041051,63.06473461,10.62051458,8.849285435,5.593960899,11.39988962,17.02770928,9.573374793
42046.57581,62.36304384,68.85635832,64.79502792,10.32032957,9.018610346,5.720209829,12.18185988,16.60467582,10.94934246
42046.57593,62.41260854,68.76166593,65.27830039,11.47904844,9.625033611,5.478516597,11.76719877,16.45425484,10.47424813
42046.57605,62.44272738,68.75479566,64.84141294,10.35443093,9.332589749,5.765379441,11.80206179,17.47458132,10.11236972
42046.57616,62.48133201,68.96012011,65.37169585,10.49434791,9.114651843,5.449462748,11.23459099,17.59971174,11.47893062
42046.57628,62.50963237,68.79786034,63.99358566,10.10925659,9.557421293,5.111365089,11.7141343,17.74714939,9.754258992
42046.57639,62.55813285,68.69785333,63.51069542,10.80168072,9.459744559,5.158405342,11.55233016,17.1194706,9.419064039
42046.57651,62.59489905,69.02850223,65.5647275,10.61258468,9.397975839,5.806630622,11.40866041,17.10793521,11.23094074
42046.57662,62.64074254,68.95898029,65.73924137,10.58976131,9.447596639,5.908661186,12.06322439,17.12555552,10.60444232
42046.57674,62.66764114,68.9276301,65.02163792,10.18927458,9.676014955,5.48141607,12.18732431,17.29381593,10.19379208
42046.57686,62.69863239,68.92163371,64.86481983,10.22503587,9.708170601,5.350140433,11.52938066,17.72512008,10.32697219
42046.57697,62.75572038,68.9889292,64.93410305,10.52564632,9.382610436,5.649867396,11.79104325,17.33952345,10.24541219
42046.57709,62.78571925,69.09700908,67.0016058,10.92595368,9.871216748,5.462011206,11.80794259,18.461209,10.47327257
42046.5772,62.82100059,69.10268487,64.52781313,10.12246965,9.855397668,5.694948088,11.34464629,17.0008332,10.50951823
42046.57732,62.86442411,69.08403056,64.97809908,10.58128463,9.872071266,5.792449875,11.74458053,17.28864716,9.699065618
42046.57743,62.91164873,69.25161764,65.22367959,9.956932475,9.930477694,5.574759454,11.48183458,17.57944147,10.70023392
42046.57755,62.91580238,69.09324309,64.39515485,9.983042426,9.821707338,5.964055547,11.88267332,17.08888088,9.654795334
42046.57767,62.95255307,69.2441051,65.17035293,10.42859768,10.03200759,5.425610682,11.8432317,16.95693655,10.48396872
42046.57778,62.97387226,69.31060989,65.87072473,10.12137638,9.4783639,5.975105067,12.15873375,17.56476892,10.57237672
42046.5779,63.01819055,69.11801877,63.92943743,10.31866249,9.969341076,5.616349463,12.0105568,16.95871706,9.05581054
42046.57801,63.04334344,69.32624861,65.2142692,10.62727925,9.974665212,5.599671809,11.50342019,17.07499956,10.43423318
42046.57813,63.06417201,69.23601319,66.10832493,10.78697843,10.1628694,5.588972118,12.55429966,17.12912609,9.886079236
42046.57824,63.10357328,69.41615833,66.68785436,11.01760233,9.885561696,5.600331257,11.81941677,17.65606361,10.70887869
42046.57836,63.10896135,69.41795655,66.02612692,10.59185426,9.66842645,5.199069333,11.76445728,18.12773273,10.67458687
42046.57848,63.15034648,69.44853374,65.56280778,10.76631253,9.575576202,5.589376311,11.98017914,17.36791317,10.28345044
42046.57859,63.17583278,69.44644792,64.36617386,10.53734355,9.714468878,5.159640824,11.54722182,17.50172592,9.905772858
42046.57871,63.20036218,69.50071205,66.02684409,10.43749399,9.875805421,5.751979463,11.8998211,17.94140824,10.12033588
42046.57882,63.21518708,69.49044363,66.08759758,10.82239903,10.0907916,5.132299371,12.48445842,17.60680756,9.950841597
42046.57894,63.32501291,69.66658643,67.11657128,11.16244483,10.26679327,6.109866985,11.91316141,17.04220284,10.62210194
42046.57905,63.56721464,69.85180039,68.16850745,10.58791384,9.979978764,5.257958916,11.88697726,18.6388958,11.81678286
42046.57917,63.50014418,69.84459185,66.5057045,10.39334423,9.653166752,5.628280405,12.07094062,17.39543634,11.36453615
42046.57929,63.51204345,69.70336837,66.05227701,10.95779096,10.18723331,5.610173557,11.24982375,17.85753099,10.18972444
42046.5794,63.53559714,69.69622198,65.51752717,11.00723792,9.276487022,5.572782345,11.79362956,17.92747003,9.939920292
42046.57952,63.53881007,69.83350963,66.55576181,10.70568026,9.533160043,5.706241615,11.75924844,17.84406576,11.00736569
42046.57963,63.5521559,69.81258909,65.78930153,11.00421668,9.915709681,5.444776418,11.86722926,17.44754014,10.10982934
42046.57975,63.57366486,69.83809605,65.80560717,10.48848882,10.00120969,5.171365036,11.2552784,18.41360659,10.47565864
42046.57987,63.5978636,69.88150975,64.99891707,10.27883869,9.693116714,5.774993219,11.66526481,17.10587282,10.48083081
42046.57998,63.62087498,69.92351388,65.56430661,10.22473231,9.95071541,5.369462228,11.85012722,17.57785499,10.59141445
42046.5801,63.65421806,69.83526695,65.94943742,10.98036729,9.537383342,5.806833667,11.70813113,17.91602012,10.00070187
42046.58021,63.6704256,69.99604801,65.18008782,10.18720299,10.0369988,5.661117261,11.24034513,17.27460725,10.77981638
42046.58033,63.68265645,69.86456046,65.07665965,11.589633,9.373201499,5.496159655,11.55136857,17.48894555,9.577351375
42046.58044,63.73375447,69.88626425,65.20689123,10.6864942,9.989363437,5.025230814,11.64493549,18.23415274,9.626714564
42046.58056,63.76177304,70.00959624,65.5628226,10.5449242,9.902634165,5.599063008,11.35497272,17.92311624,10.23811226
42046.58068,63.77356796,70.0462197,65.89027805,10.58235712,9.751010677,5.474207716,11.32650672,17.81732337,10.93887245
42046.58079,63.80075442,70.0218871,64.6899132,10.97591168,9.781490171,5.644418651,10.92833598,17.18333209,10.17642464
42046.58091,63.84477833,70.16679585,67.03910189,10.8377998,9.629174766,5.565256989,11.84056362,18.15373737,11.01256935
42046.58102,63.85167971,70.19741304,65.50356158,10.78648017,9.812262384,5.316575662,11.21974797,17.42921845,10.93927694
42046.58114,63.88856379,70.1854516,64.50840339,10.94160676,9.667016772,5.654112339,10.85862653,16.73127411,10.65576688
42046.58125,63.90682745,70.17190666,63.36264749,10.55893568,9.547433383,5.172910612,10.93687484,16.79316458,10.3533284
42046.58137,63.95508985,70.17041322,65.82166951,10.63348831,9.897825173,5.477638636,11.46705643,18.01114968,10.33451129
42046.58149,63.97111195,70.29631083,65.62856252,10.46208358,9.903344136,5.986507434,10.81772986,17.27415194,11.18474556
42046.5816,64.00069579,70.16179111,63.74701391,10.21136569,10.11703856,5.216524127,11.06255325,17.06039528,10.079137
42046.58172,64.03454018,70.30280118,65.48417151,10.74533201,9.017555885,5.659668493,11.78045208,17.42510085,10.85606219
42046.58183,64.06812977,70.33052572,66.27871922,10.81622537,9.798420371,5.614595025,11.32287844,17.46825774,11.25834227
42046.58195,64.11100153,70.31559371,65.57726745,10.55544716,9.696243106,5.980173843,11.54329743,17.49497211,10.3071338
42046.58206,64.12379111,70.32948524,64.49026099,10.27192407,9.682612033,5.460606176,11.23658882,17.33387473,10.50465516
42046.58218,64.15293557,70.55644532,66.9990898,10.91290726,9.278573586,5.333741712,11.5274188,17.72239781,12.22405063
42046.5823,64.15705999,70.35129479,65.54822959,11.3246675,9.680166372,5.053853083,10.58704058,18.13396219,10.76853987
42046.58241,64.20532129,70.39814903,65.69022113,11.20338895,10.34295148,5.519054733,10.88791074,17.44374664,10.29316858
42046.58253,64.22137579,70.49677094,65.59670823,11.07447215,9.806852473,4.878979408,11.09266869,17.64080144,11.10293408
42046.58264,64.25443491,70.57522049,65.66959129,10.93369374,10.80733499,5.005087827,11.18550731,16.86487437,10.87309305
42046.58276,64.30290536,70.69099392,66.53452436,10.90815868,9.876206153,4.922617663,11.50839288,17.64472262,11.67442636
42046.58287,64.32609808,70.57069214,64.41371245,10.97038879,10.20148389,5.43704742,10.72549635,16.57947502,10.49982097
42046.58299,64.37162276,70.99058802,68.2758295,11.00629852,10.22706679,5.543439352,11.09442415,17.61335384,12.79124684
42046.58311,64.39588387,70.96737025,68.04496942,11.43934414,9.930384865,5.082011975,11.04908573,17.80410561,12.7400371
42046.58322,64.4115912,70.94500997,67.31919844,11.38207862,10.43834442,5.453457095,10.80904595,16.96933745,12.2669349
42046.58334,64.4420368,70.89148847,66.80249531,11.60567006,10.27686191,5.268566973,10.95378194,16.91150233,11.78611209
42046.58345,64.44680954,70.88842174,67.97669298,11.43376495,11.13916325,5.497478402,11.35345325,17.36274189,11.19009125
42046.58357,64.45813941,71.04050919,67.16040697,11.57637255,10.92451422,4.863781495,11.11205556,16.681505,12.00217815
42046.58368,64.47869513,71.11922581,67.88061229,11.54015221,10.68133702,4.92583421,10.91954261,17.4766813,12.33706494
42046.5838,64.51684665,71.22312337,68.66056034,12.03949623,10.88379662,5.093250139,10.76819037,17.26686266,12.60896433
42046.58392,64.53744301,71.20318505,68.45489045,11.62360389,11.07330516,4.871426418,11.09287883,16.83038655,12.9632896
42046.58403,64.57584455,71.14933119,66.53147105,11.68354125,11.17022632,4.460621009,10.44240175,17.30529568,11.46938504
42046.58415,64.58843762,71.21539561,68.19730896,12.1249404,11.42083205,4.454433798,11.47444255,16.95094337,11.77171679
42046.58426,64.6135768,71.34053863,68.69250068,12.3680537,11.15832014,4.5818955,10.71292194,17.6313283,12.23998109
42046.58438,64.66351672,71.20376763,68.0352883,12.35180959,11.28763795,4.896250282,10.79909857,17.28294397,11.41754794
42046.58449,64.68280868,71.36424988,69.3818377,13.0732131,11.25858199,4.49177411,10.73590808,17.73314601,12.08921441
42046.58461,64.71606954,71.34062405,67.13591166,11.18943509,11.60975008,4.6280489,10.42603114,17.41258157,11.87006488
42046.58473,64.7058552,71.42822067,69.14314067,12.38373327,12.07617798,4.284809325,10.5017014,17.30388944,12.59282926
42046.58484,64.741924,71.45036771,67.5988302,12.1395051,12.18189219,4.315557673,10.45007857,16.59853305,11.91326362
42046.58496,64.77117129,71.36499554,68.21682393,12.33839615,12.06927245,3.909577298,11.43499,17.14899105,11.31559698
42046.58507,64.79458926,71.43963233,70.05613624,11.63080731,11.41189203,6.241303615,12.17348252,17.1147339,11.48391686
42046.58519,64.82305582,71.6240443,67.94268372,11.55798489,10.36101248,6.096965005,11.59053182,17.04637577,11.28981376
42046.58531,64.85926595,71.43932753,66.14477676,11.33496975,9.427409819,5.636197025,12.95116008,16.43647947,10.35856061
42046.58542,64.87335084,71.49143932,65.40241406,10.41370255,8.847809033,6.234511674,12.02604198,16.84412667,11.03622215
42046.58554,64.90576326,71.52090186,66.14127715,10.95435443,8.988361965,5.309038078,12.23184427,16.74971446,11.90796395
42046.58565,64.93576891,71.43158942,65.16355099,10.73842228,9.145293352,5.754289998,11.98780398,16.29942601,11.23831537
42046.58577,64.95098023,71.33779465,65.52800551,10.39849001,9.667799346,5.91750572,11.71445597,16.47430538,11.35544909
42046.58588,64.96816767,71.20367508,65.09278406,10.45251,9.127044798,6.094060234,12.23513751,16.81379294,10.37023858
42046.586,64.98450578,71.39567294,66.23926626,10.3453451,9.238187113,6.098337565,12.03304311,16.98246439,11.54188898
42046.58611,65.02060528,71.45791237,66.00908987,10.80440699,9.917628399,5.607877127,12.13453584,15.36261771,12.1820238
42046.58623,65.03677203,71.445638,66.9653021,10.60728462,9.477939134,5.872077541,12.8525658,16.43202049,11.72341451
42046.58635,65.09634165,71.26769119,64.48275117,10.69399774,9.294226341,5.99765406,12.36906883,15.92291037,10.20489383
42046.58646,65.12407092,71.42116036,65.22027151,11.08675346,8.570755034,5.568317963,12.27187165,16.63575134,11.08682205
42046.58658,65.12514298,71.40141841,65.04021688,10.30817876,9.244771315,5.592092222,12.11019097,16.94580445,10.83917916
42046.58669,65.15050052,71.48470827,65.31471313,10.1783376,9.7624306,5.703161688,11.83658695,16.53722065,11.29697564
42046.58681,65.18985119,71.47142182,65.37620354,11.15838941,9.392202256,5.972959728,12.17258419,15.7989864,10.88108156
42046.58693,65.23330941,71.53071864,66.65165202,10.73921369,9.484817504,6.086660199,11.56479627,17.26729817,11.50886619
42046.58704,65.24032901,71.66864646,66.3753609,10.63238367,9.665772265,5.880313559,12.30201305,16.02884138,11.86603697
42046.58716,65.26499024,71.71364341,65.0478844,10.48288073,8.742151674,5.719763905,11.61757033,16.39010702,12.09541074
42046.58727,65.28860392,71.59154397,65.33449173,11.08204246,9.650153401,5.578607559,11.83672324,16.67110952,10.51585555
42046.58739,65.35368717,71.56323282,65.31244511,10.64203204,9.27409705,5.873565762,11.94434167,16.89100805,10.68740053
42046.5875,65.3567593,71.67349608,64.93089459,10.83844786,9.444132268,5.341966804,11.44657606,16.65869126,11.20108034
42046.58762,65.35158013,71.60073884,65.03546915,10.86791607,9.475417936,5.692165322,11.47781154,16.79683163,10.72532666
42046.58773,65.40697817,71.74379858,65.11709053,10.65170156,9.432825414,5.652988461,11.64269243,16.1884763,11.54840636
42046.58785,65.46543358,71.81830045,65.75154036,10.66230002,8.976200255,5.877820335,11.80312253,16.58704723,11.84504999
42046.58797,65.47805048,71.64404201,65.0924006,10.42213984,9.406253989,5.417793865,12.19868397,16.72159924,10.92592969
42046.58808,65.51789752,71.79372393,65.22586458,10.52896982,8.717206596,5.687363173,12.21711259,16.22376649,11.85144591
42046.5882,65.52441069,71.7091492,65.71581688,10.97358686,9.073045545,6.155985135,11.67709771,17.02531695,10.81078468
42046.58831,65.5375283,71.8446627,65.71341515,10.54870247,9.146920354,5.764251555,12.4167294,15.95621465,11.88059672
42046.58843,65.57024403,72.01452035,65.78125415,10.73645851,8.996496352,5.953643216,11.7412122,16.17594884,12.17749504
42046.58855,65.60853654,71.81153344,64.89704717,10.7422887,9.004688423,6.409951196,11.59492702,16.42516981,10.72002201
42046.58866,65.6324437,71.84123302,66.19893851,10.86174752,10.06472844,5.858026139,11.92650167,16.39045335,11.09748139
42046.58878,65.66193675,71.85592448,63.93969708,9.975928689,8.993322987,5.808719535,11.91691415,16.49322354,10.75158817
42046.58889,65.70200784,71.87827369,65.74712004,10.60599062,9.605021557,5.701477956,12.74011549,16.36599626,10.72851816
42046.58901,65.71515591,71.84553218,64.35036078,10.29312761,9.00420346,5.810978271,11.77483346,16.93894214,10.52827584
42046.58912,65.73277526,71.84612529,64.00863379,10.69130287,9.260392614,5.594351005,11.95369224,15.76022848,10.74866658
42046.58924,65.75631372,72.08536373,65.11291358,10.97957195,8.969201808,6.009111089,12.15450997,15.66301297,11.3375058
42046.58936,65.8086155,72.0181116,64.09989478,9.998258622,9.152167347,5.888450692,11.90288323,16.24820454,10.90993035
42046.58947,65.81816988,72.03839735,66.48975844,10.47911548,9.236252691,6.463310282,12.2476178,17.13774074,10.92572145
42046.58959,65.85455133,72.07339791,64.79818628,10.31965292,9.238487631,5.995897346,11.62578115,16.7230841,10.89528312
42046.5897,65.89302322,72.17941053,64.99150837,10.46960653,9.566846331,6.088840878,11.29593874,16.28635411,11.28392179
42046.58982,65.90943977,72.10361351,66.23939614,10.56666337,9.886604363,5.981925866,11.80812031,16.92131039,11.07477184
42046.58993,65.94023291,72.30198341,66.02986934,10.93033431,9.340567503,6.052636067,11.45767373,16.3779863,11.87067143
42046.59005,65.95763455,72.26789863,66.01140395,10.62597989,9.833744681,5.435994788,11.48711232,16.25623909,12.37233319
42046.59017,65.98404373,72.06155219,62.56362779,9.947082207,9.459762276,5.724677568,11.55463228,15.22182799,10.65564548
42046.59028,66.00538803,72.11174234,64.03397603,10.2973692,9.472708211,5.722956777,11.11123087,16.56126649,10.8684445
42046.5904,66.01340303,72.25871474,64.86526297,11.25168152,9.333139182,5.650155998,11.62346952,15.63082626,11.37599049
42046.59051,66.03871365,72.32785942,65.52640838,10.31545732,9.10291114,6.038003428,11.53675982,16.92996972,11.60330696
42046.59063,66.06776477,72.4063349,66.38538937,10.28921592,9.259420057,5.859845523,12.16853229,16.76753764,12.04083794
42046.59074,66.10334447,72.40652229,64.96779795,10.627283,9.442378036,6.260868291,11.5100154,15.86311067,11.26414255
42046.59086,66.13526341,72.3153335,64.51097304,10.52688866,9.422427538,5.472334717,11.781681,16.79615213,10.51148899
42046.59098,66.15546143,72.46194334,62.60786213,9.935040339,9.137547045,5.495811349,11.84633488,15.22033411,10.97279441
42046.59109,66.1913973,72.44011008,65.04740854,10.75263353,9.52503135,5.520616795,11.72854891,16.9659277,10.55465026
42046.59121,66.20890712,72.62274553,65.53533513,10.59809529,9.102449221,5.385571677,11.84348994,16.58038391,12.02534509
42046.59132,66.22989877,72.51012528,64.38518851,10.15174155,9.293064214,5.669659571,11.50245513,16.39457316,11.37369489
42046.59144,66.23545855,72.58325835,65.20079438,10.37736028,9.51361114,5.81769446,11.37345487,16.73038218,11.38829145
42046.59155,66.28350377,72.46745586,64.22985088,10.39705623,9.216523397,5.837911396,11.6743975,16.21676821,10.88719415
42046.59167,66.33220408,72.44136918,62.66948932,9.89694547,8.923853133,6.034321844,11.81094534,15.40879089,10.59463264
42046.59179,66.37348863,72.48239054,64.34048025,10.30446381,8.994174891,5.801291585,11.53319985,16.55430129,11.15304882
42046.5919,66.41592728,72.27080622,62.34787983,10.1955685,9.147337773,5.45735864,11.15625384,16.54402223,9.847338839
42046.59202,66.44137209,72.46204381,62.90613269,10.1608937,9.022363213,5.56355742,11.20443705,15.68946451,11.26541681
42046.59213,66.47276595,72.42068242,62.53309525,10.09970481,8.736156059,6.159842643,11.12985185,15.78468225,10.62285763
42046.59225,66.51701001,72.3583698,62.5227633,10.05326738,9.062329357,5.901579189,11.47788235,16.04046418,9.987240844
42046.59236,66.54416575,72.35193486,62.60965907,9.523265263,9.619785546,5.802060992,11.28771498,16.322055,10.05477729
42046.59248,66.56658128,72.524034,63.13423758,10.11939303,8.771134185,5.902354601,11.32705326,16.04904489,10.96525762
42046.5926,66.58652021,72.67732168,63.58792804,10.06009111,9.423518696,5.508508833,11.26899334,15.90942997,11.4173861
42046.59271,66.62863421,72.67979027,63.43528663,10.19286659,8.99942297,5.951956388,11.25627282,15.66117051,11.37359736
42046.59283,66.6442722,72.63835304,62.01420968,9.783557568,8.572992857,5.762412381,11.38901714,15.51142142,10.99480832
42046.59294,66.66992697,72.59819655,63.04278787,10.03065423,9.168823257,5.846401236,11.55855183,16.05187728,10.38648003
42046.59306,66.70350794,72.73221989,63.59824558,10.17584793,9.09869471,5.808988971,11.3225993,16.10841869,11.08369598
42046.59317,66.73520768,72.57234521,62.6010786,10.14699061,9.105588042,5.796899615,10.71699816,17.02294594,9.811656229
42046.59329,66.7617525,72.77564416,61.86365228,10.0497139,9.321138264,5.080552253,11.04633855,15.74605854,10.61985077
42046.59341,66.77176208,72.66615277,62.14209809,10.17868948,8.992436923,5.25053084,11.16433884,16.49973743,10.05636458
42046.59352,66.80388026,72.80878427,63.33357817,10.05884998,9.22702703,5.862587737,11.65160195,15.51840661,11.01510486
42046.59364,66.82537363,72.82265084,63.18152484,9.945067314,8.985492902,5.665566167,11.27544375,16.34260175,10.96735296
42046.59375,66.85911745,72.8702389,63.84717962,10.45260148,8.607530016,5.326440917,11.67975714,16.7596565,11.02119356
42046.59387,66.89577251,72.83100569,62.17317151,10.28280696,8.778425615,5.502025241,11.15396339,16.08444395,10.37150635
42046.59399,66.93456839,72.84336414,62.69185728,10.41003454,8.78674922,5.405521462,11.24937581,16.21062383,10.62955241
42046.5941,66.95849349,72.98474576,63.57101245,10.61801668,9.073159778,5.572349223,11.08461185,15.91409753,11.30877739
42046.59422,67.01156144,72.96862572,61.18616045,9.732849039,8.832611919,5.911803924,11.09672876,14.90748947,10.70467734
42046.59433,67.04708789,72.96071223,62.77726309,10.20633918,9.384856295,5.294809746,11.22598053,16.12248442,10.54279292
42046.59445,67.06479662,72.81214845,60.90042139,9.73057589,9.066644869,5.704142637,11.28318169,15.50421604,9.611660277
42046.59456,67.11551511,72.90019467,61.63536286,9.92248683,9.058323185,5.759745829,11.42392854,15.74202028,9.728858195
42046.59468,67.13300742,72.98524982,62.57647103,10.06651342,8.952986616,5.51560738,11.31261674,16.55997981,10.16876706
42046.59479,67.15086366,72.99436479,62.52119261,10.49738314,9.053233306,5.453350159,11.08912815,16.32462847,10.10346938
42046.59491,67.19985698,73.04443754,61.82447248,10.04622758,9.186872695,5.739543241,11.27571228,15.51789981,10.05821687
42046.59503,67.22170926,73.11438141,61.04267622,9.89375334,8.892270454,5.304763394,11.13778204,15.36345183,10.45065516
42046.59514,67.24447179,73.13488815,62.42649302,10.33921498,8.720330215,5.52464304,11.20667235,16.2091567,10.42647573
42046.59526,67.27314066,73.11564912,62.46065449,10.19894632,8.823232296,5.747498455,11.37586176,16.01472591,10.30038975
42046.59537,67.29481803,73.22703794,62.34051395,10.00599968,8.911504138,5.751610094,11.11382391,15.65802733,10.8995488
42046.59549,67.34576718,73.14503271,61.53966472,9.64981133,9.05395784,5.873729627,11.45852547,15.67281259,9.830827861
42046.5956,67.37268774,73.2952249,62.53805011,10.11604302,8.97653193,5.514280711,10.58477168,16.52239957,10.8240232
42046.59572,67.37952365,73.42892725,62.88393275,9.855577391,8.966076807,5.682653748,11.23301113,16.31987445,10.82673922
42046.59584,67.43984152,73.3088482,62.17752858,9.884423517,9.072864926,5.519479308,11.71025362,15.67870812,10.31179908
42046.59595,67.47107703,73.33110954,63.88477749,10.14994038,8.887522994,6.062686521,11.50265631,16.74498614,10.53698515
42046.59607,67.48831814,73.33603079,62.21079112,10.14930083,9.392383757,5.239708243,11.22754189,15.96638087,10.23547551
42046.59618,67.52591967,73.40761548,61.94009063,10.35810646,9.362121771,5.543566786,10.85596582,15.70083302,10.11949677
42046.5963,67.55338613,73.48093191,63.93069859,10.20651337,9.001115219,6.141378355,11.88161324,15.7545174,10.945561
42046.59642,67.55787235,73.49100873,62.68973004,9.790279565,9.29338656,5.813375152,11.37490616,15.77203083,10.64575177
42046.59653,67.59923926,73.63639201,62.96411263,9.804183926,8.867190466,5.663719673,11.34581636,15.89896656,11.38423565
42046.59665,67.62083648,73.53602544,61.32280163,10.13793014,8.792835509,5.14799422,11.16364764,15.76381613,10.31657799
42046.59676,67.66203443,73.64543907,63.99098954,10.46879685,9.342955455,5.496101434,11.52885897,15.90134533,11.25293151
42046.59688,67.68606613,73.52870989,62.46780135,10.13024821,9.230232818,5.988946426,11.35553649,15.71611007,10.04672734
42046.59699,67.70146101,73.70296112,63.66291743,10.08936513,8.91978062,5.926685376,11.25329886,16.17015596,11.30363149
42046.59711,67.71485817,73.61789564,61.61384882,10.55827914,8.757048923,5.919103493,11.31930318,14.94617901,10.11393508
42046.59723,67.75671899,73.53128972,61.27205781,9.955374389,9.013155664,5.491927618,11.46736713,15.71063309,9.633599916
42046.59734,67.80442751,73.64609169,61.48749587,9.913514849,9.204110985,5.271404577,11.24779277,15.58366565,10.26700703
42046.59746,67.82915407,73.73546642,61.83536967,10.08218896,8.831714627,5.396650432,11.78149105,15.51366875,10.22965586
42046.59757,67.82667082,73.64661497,61.37285522,9.941470403,8.591036666,5.67854951,11.42286382,16.00495888,9.733975941
42046.59769,67.85424434,73.82274309,61.87579878,9.692056479,9.00235498,5.595543147,11.33219561,15.24272714,11.01092142
42046.5978,67.88229774,73.83623278,62.51608787,9.97683304,8.942771529,5.556863784,11.81844014,15.80094969,10.42022969
42046.59792,67.91760903,73.71086315,61.34824145,9.921939432,8.686835925,5.531376246,11.68189476,15.8692044,9.656990678
42046.59804,67.94358001,73.929022,62.11617203,10.23584185,8.742340728,6.004715136,11.11459721,15.35053326,10.66814384
42046.59815,67.98349405,73.86687669,62.76122094,9.949980459,9.070689008,5.661868812,11.38364548,16.27398928,10.42104789
42046.59827,68.00576879,73.95469637,63.60929879,10.27370275,9.530623317,5.680801719,11.69440936,15.87795851,10.55180313
42046.59838,68.02288775,73.91027136,61.76803261,10.07318593,8.68482468,5.35159722,11.66301798,15.50584934,10.48955747
42046.5985,68.06565708,73.82390566,61.4021411,10.35464763,8.719424316,5.837976403,11.22537979,15.78172833,9.482984638
42046.59861,68.09425898,73.92140515,62.38103035,10.22608487,8.947613949,6.00872683,10.88696871,16.18778289,10.1238531
42046.59873,68.07868217,74.07745779,63.0563353,10.18558681,8.896070483,5.691630294,11.31779706,15.64981648,11.31543417
42046.59885,68.13930721,74.05637282,62.61120811,10.06321109,9.266759774,5.766192529,11.49201284,15.76453857,10.25849332
42046.59896,68.14122384,74.01018119,61.55747538,10.17236346,8.750386267,5.2322001,10.97278371,16.36443318,10.06530866
42046.59908,68.18883898,74.12780012,62.53993078,9.979669173,9.02397432,5.299544456,11.08978446,16.06085697,11.08610141
42046.59919,68.21245319,74.13081382,61.50546925,9.955117116,8.580959565,5.49099606,11.26465611,15.84175265,10.37198775
42046.59931,68.24132721,74.0976898,61.81434414,10.46711617,8.810534321,5.627842215,11.5898435,15.26153318,10.05747475
42046.59942,68.28094206,74.05381966,61.95323031,10.2354607,9.200652374,5.218911555,11.82481435,16.30250438,9.170886939
42046.59954,68.31459012,74.15882382,61.48419194,9.554985886,8.853445443,5.354225935,11.56013462,16.16726678,9.994133273
42046.59966,68.35734219,74.16821019,62.38821403,10.17173573,8.805453603,5.655997867,11.65635202,15.95360004,10.14507478
42046.59977,68.34807284,74.16028909,61.97533793,10.24765281,8.851254192,5.672296055,11.05654341,16.30600952,9.841581939
42046.59989,68.36194549,74.20346473,63.52526855,9.837009995,9.520367311,5.983159661,11.64139819,16.2834857,10.25984769
42046.6,68.39823612,74.31983622,62.54170253,10.14454728,9.064028678,5.592016885,11.3811182,15.63970125,10.72029023
42046.60012,68.4264573,74.25182688,61.35742039,10.37363497,8.882198486,5.422175015,10.86609403,15.56805864,10.24525924
42046.60023,68.44000945,74.21704036,61.4785169,9.872607345,9.18559409,5.242187226,11.67490269,16.15706938,9.346156167
42046.60035,68.4807654,74.33026741,61.1171434,9.645605417,8.718967393,5.688328882,11.33345578,15.35262197,10.37816395
42046.60047,68.48277443,74.33943528,62.90938687,10.55127401,8.786695681,5.574768796,11.47628714,16.18794322,10.33241802
42046.60058,68.51672636,74.41073342,62.78677663,9.901692302,9.294578004,5.34592414,11.76577331,16.17361561,10.30519327
42046.6007,68.54329588,74.45250225,62.71983353,10.73988986,9.199609197,5.917418571,11.08277748,15.22960696,10.55053147
42046.60081,68.58105937,74.39805814,61.83696917,10.16144175,8.765650896,5.672339791,11.52692029,15.53496362,10.17565282
42046.60093,68.61392629,74.48482995,63.561273,9.689557307,9.027412827,6.007941263,11.46872789,16.87443797,10.49319575
42046.60104,68.63045577,74.42012831,63.1930953,10.65372133,8.761794414,5.68647131,11.62002806,16.42012706,10.05095313
42046.60116,68.64642715,74.46428315,62.31375631,10.05085335,9.630960417,5.449090233,11.62123114,15.33565671,10.22596446
42046.60128,68.68154436,74.6011868,62.64335,9.918299338,8.971531193,5.534101471,10.8631062,16.5965888,10.75972299
42046.60139,68.70374058,74.56765661,62.69349521,10.25107976,8.555562743,5.410025704,11.63143182,16.22164976,10.62374543
42046.60151,68.72854465,74.70812549,64.2333096,10.66220171,9.194543156,5.617486133,11.2316876,16.278325,11.249066
42046.60162,68.76942138,74.51381795,60.74681661,9.917849845,8.916758422,5.400490136,11.14969782,15.68205579,9.679964603
42046.60174,68.79321943,74.61323052,62.52772767,10.13411473,9.066640344,5.584349681,11.36719685,16.39402368,9.981402382
42046.60185,68.8157476,74.68743259,63.57554703,10.60338134,9.066097721,5.276168551,11.63165731,16.13398281,10.8642593
42046.60197,68.87068496,74.57385632,62.47221383,10.11197054,8.81619083,6.035583889,11.52290276,16.23244172,9.753124083
42046.60209,68.86331612,74.76070645,64.16642321,10.00262381,9.309641644,5.446501207,11.61418483,17.06280968,10.73066203
42046.6022,68.87051948,74.86210447,65.97379842,10.82770777,10.2534134,5.715745571,12.1100509,15.79326042,11.27362036
42046.60232,68.9022434,75.06654566,66.67189195,11.45529043,10.31587407,4.952439181,12.34756683,16.02904911,11.57167232
42046.60243,68.96313655,74.98823455,65.8368075,11.21696193,10.95945852,5.483315419,12.89652431,15.1217514,10.15879592
42046.60255,68.94921678,75.43546859,66.56925601,11.80698465,10.41321105,4.819260156,12.24295783,15.19984122,12.08700111
42046.60267,68.97654417,75.3052624,66.69281784,11.75903755,10.15334797,5.449068002,12.89705023,15.78896648,10.64534761
42046.60278,69.00910146,75.69647228,67.79556626,11.43314737,10.36742168,5.519253479,12.71928524,15.1709408,12.58551768
42046.6029,69.03584661,75.87893331,71.01841929,12.24965953,10.57416288,5.854444539,13.05093441,15.67600966,13.61320827
42046.60301,69.06059627,75.71460201,67.35381947,11.74656106,10.09485313,5.360852262,12.74376882,15.11408572,12.29369848
42046.60313,69.10814826,75.66032407,67.09765636,10.88003779,10.53820716,5.620737646,12.86293749,15.72144144,11.47429482
42046.60324,69.13649391,75.79739776,68.71504463,11.61632883,10.36958213,5.620289614,12.25573317,16.07479421,12.77831667
42046.60336,69.14421889,75.70711669,67.64489458,10.85602464,9.967352033,6.042418459,13.08058659,15.69602853,12.00248432
42046.60347,69.18385653,75.78768097,68.07654995,10.90942811,10.06935479,6.169839684,12.86307266,15.29429417,12.77056054
42046.60359,69.19603806,75.58550479,66.2052744,10.95021055,9.371423877,5.851796509,12.48002437,15.90559964,11.64621944
42046.60371,69.2073943,75.40778765,64.54531878,10.23384406,9.393149383,5.620573593,12.41773994,15.86968641,11.0103254
42046.60382,69.24490066,75.31684403,63.29035749,10.25024636,9.273038927,5.995204314,11.85327996,15.24753315,10.67105478
42046.60394,69.24442391,75.31390627,63.53995978,10.12387876,10.02326908,5.725873175,11.30449207,15.75626531,10.6061814
42046.60405,69.24901477,75.30081877,63.61958684,10.26407657,9.500696189,5.546238397,11.75865681,15.19255507,11.35736381
42046.60417,69.27814265,75.13034875,62.36638793,9.890643972,9.322089515,5.829812494,11.32256311,15.60630789,10.39497094
42046.60429,69.31384447,75.27925061,63.43041528,9.566069664,9.650857319,5.901426189,11.66286806,15.50365788,11.14553618
42046.6044,69.34867498,75.26752508,62.71828921,9.806442444,9.072055061,5.761255742,11.73704814,15.35995422,10.9815336
42046.60452,69.35037529,75.03182703,61.21018846,9.551939182,9.189578878,5.221389657,11.72657875,16.09925229,9.421449707
42046.60463,69.37797001,75.06522648,61.99434287,9.819172656,9.61273023,5.857975615,11.34957437,15.30609584,10.04879417
42046.60475,69.40618052,75.19634859,62.61220017,9.910863742,9.298942087,5.248813989,11.56659042,16.23295109,10.35403885
42046.60486,69.41824704,75.1345725,61.70981296,10.17109532,8.788412403,5.863407977,10.83116762,15.92093925,10.13479039
42046.60498,69.44146253,75.1613575,62.3033247,10.01424417,8.960018799,5.858707646,11.09531478,16.04372338,10.33131592
42046.6051,69.47855047,75.24742986,62.02659684,9.890585007,9.260947646,5.311358768,11.46365552,15.38128302,10.71876688
42046.60521,69.46612044,75.0965048,61.64613866,10.57473343,9.511102186,5.137936963,11.43156649,15.50508583,9.485713768
42046.60533,69.4940473,75.17140654,62.16984992,10.11007977,9.215066039,5.639105882,11.72648363,15.62342559,9.855689006
42046.60544,69.50841261,75.28667624,63.74128157,9.743965416,9.138363948,5.725708275,11.70859573,16.32860274,11.09604546
42046.60556,69.53972382,75.15709834,61.2579911,9.981482089,9.315756201,5.397506492,11.68437677,15.4707545,9.408115051
42046.60567,69.55910867,75.31005285,61.41945115,10.10071858,8.983106959,5.885434253,11.15182752,15.0160636,10.28230024
42046.60579,69.58767522,75.35852077,63.20646867,9.738329635,8.943016558,5.670509221,12.01270165,16.27788232,10.56402928
42046.60591,69.62210321,75.35333058,60.21092285,9.413530788,9.098249085,5.446751693,11.46373263,14.3560807,10.43257796
42046.60602,69.65788264,75.32532657,61.51797675,9.786284328,8.885951644,5.688904667,11.49973592,15.35743812,10.29966207
42046.60614,69.70150482,75.28390615,61.53239898,9.335800673,9.33212878,5.191666743,11.43276566,15.95876244,10.28127468
42046.60625,69.70999232,75.29418016,61.3648442,9.900808918,9.104139342,5.647243162,11.34438365,14.9387339,10.42953522
42046.60637,69.72794327,75.33181368,61.63213443,9.536249221,8.946607501,5.68824325,11.44105991,15.7435319,10.27644264
42046.60648,69.76135761,75.26519879,61.21752159,10.4269696,8.869577313,5.596723972,11.14786743,15.4559805,9.720402774
42046.6066,69.7663671,75.41072053,61.65709236,10.36461194,8.790097702,5.305695334,11.25209696,15.06652591,10.87806451
42046.60672,69.81839075,75.44169113,61.15058726,9.657433999,8.921490416,5.597565764,10.94389176,15.25896771,10.7712376
42046.60683,69.81147257,75.35019861,60.08423189,9.617443228,8.701154742,5.559423539,11.15263242,14.69644949,10.35712848
42046.60695,69.84693203,75.51832726,60.91363874,9.502138694,8.906353202,5.830937982,11.46641403,14.6485768,10.55921803
42046.60706,69.8740702,75.45975909,62.23550529,9.655681979,8.350446983,6.297927232,11.1794115,15.8745179,10.87751969
42046.60718,69.89636468,75.47264757,60.80107469,9.874878721,8.330952759,5.391068795,11.31994007,15.40817558,10.47605877
42046.60729,69.91033373,75.49735124,60.73904909,9.242129497,9.197716197,5.803840804,11.02882944,14.96571631,10.50081684
42046.60741,69.92273593,75.41241798,60.5102397,9.80796537,8.765499497,5.101410517,11.01827887,15.56029284,10.25679262
42046.60753,69.95285187,75.53067966,61.65240808,9.627919281,8.989817105,5.47868298,11.17925724,15.5800067,10.79672477
42046.60764,69.95442261,75.51882487,60.76018945,9.327496078,9.338012444,5.679949134,10.44186779,15.39201505,10.58084895
42046.60776,69.97073927,75.48859568,60.62495878,9.643588164,8.707393559,5.673874094,11.15392026,15.40764027,10.03854243
42046.60787,69.97341045,75.58546418,60.75535546,9.70661682,8.874843555,5.384453667,11.24934657,14.65855158,10.88154327
42046.60799,70.00621392,75.58983945,60.72316208,9.708483903,9.141638041,5.200460679,11.32353222,14.79127388,10.55777336
42046.6081,70.03954376,75.4945015,60.84967107,9.93205952,8.704774785,5.515976648,11.12752485,15.5613957,10.00793957
42046.60822,70.05990595,75.59697224,60.17705702,9.311710823,8.385618101,5.672897155,11.17839024,15.20389874,10.42454196
42046.60834,70.07642786,75.47028891,59.85260697,9.699549733,8.777532641,5.627185057,10.85642485,15.04771983,9.844194868
42046.60845,70.11205396,75.7596339,61.81574443,9.676367251,8.574231584,6.001316667,10.81021032,14.98655892,11.7670597
42046.60857,70.11350697,75.76779889,62.27457153,9.946082465,8.674058482,5.557737023,11.0083954,15.91742164,11.17087652
42046.60868,70.16533562,75.6189065,61.49455298,10.00804803,8.892007112,5.680523676,11.12182211,15.28451033,10.50764172
42046.6088,70.16052387,75.66309747,60.74433662,9.679661672,9.037340069,5.423502749,10.98515596,15.53248177,10.0861944
42046.60891,70.19718201,75.61001969,59.99088244,9.588065269,9.107310955,5.599389106,10.98310236,14.91508667,9.797928082
42046.60903,70.21312153,75.73514343,61.48889274,9.760816166,9.425629398,5.412688179,10.75509979,15.09365399,11.04100522
42046.60915,70.24853372,75.90501732,62.07767208,9.644212807,9.284014803,5.493040872,10.98775121,15.06618377,11.60246861
42046.60926,70.25970423,75.8168393,61.19114572,9.702915296,9.2308927,5.795343237,10.99332102,14.95124668,10.51742679
42046.60938,70.30495155,75.81508446,61.52210188,9.266823593,9.056746731,5.457140447,11.56764424,15.92590166,10.24784521
42046.60949,70.31792433,75.78196066,61.4196137,10.05192183,9.074149353,5.627323943,11.19165506,15.43535128,10.03921224
42046.60961,70.32541773,75.82413283,61.30996835,10.01690177,8.58795612,6.512407884,11.01377704,15.45697796,9.721947567
42046.60972,70.37579766,75.76866326,59.89051409,10.28638994,8.813074649,5.387288051,11.33106894,14.66142429,9.411268222
42046.60984,70.39702287,75.91786665,61.94911125,9.827459563,8.880200711,5.814153973,11.01796495,15.81273893,10.59659312
42046.60996,70.41402655,75.9004076,62.25473701,9.978031549,9.047174573,5.727355251,11.42550965,16.14227293,9.934393062
42046.61007,70.45261641,75.9260082,61.18393143,9.682719771,8.782345154,5.970569815,11.17080725,15.52051931,10.05697013
42046.61019,70.46836255,75.80638102,59.79391453,9.503425021,8.958156901,5.838280496,11.03694625,14.92281083,9.534295038
42046.6103,70.50035627,75.96254629,61.17701615,9.605730138,8.809384694,5.786569525,11.29892569,15.05400937,10.62239673
42046.61042,70.54560492,75.87286049,59.33358032,9.719701258,8.319914081,5.577690769,11.39622549,14.88249518,9.437553544
42046.61054,70.5468308,76.07568484,62.24844098,9.822176598,9.093223546,5.677445748,11.53114953,15.46926636,10.6551792
42046.61065,70.58593335,75.94293603,61.03750629,9.639515149,9.311086655,5.527276467,11.41427743,15.03820146,10.10714913
42046.61077,70.5944398,76.06510516,62.11570748,9.421939339,8.723974655,6.023100462,11.54759107,15.55280377,10.84629819
42046.61088,70.62600104,75.98254489,59.37207828,9.547634451,8.481386563,5.28188531,11.2535581,15.11042884,9.697185012
42046.611,70.64602561,76.0981053,59.81394859,9.632146074,8.640957286,5.384363566,10.58270262,14.79303356,10.78074549
42046.61111,70.64333108,76.17014427,62.12856896,9.48634004,8.755424555,6.062190622,11.74313034,15.25664277,10.82484064
42046.61123,70.67474477,76.22616205,60.83745651,9.556818628,8.725551323,5.532201982,11.0412372,15.0313074,10.95033999
42046.61134,70.68307353,76.18929085,62.05453663,9.74041051,9.007068645,6.592701597,11.21267853,15.35375835,10.147919
42046.61146,70.68648837,76.17301468,61.05852263,9.444611644,9.328257882,5.724225278,10.9822834,15.32278748,10.25635695
42046.61158,70.71500551,76.1742266,61.60719443,9.651184713,9.597676616,5.747397332,11.28093145,15.54493895,9.785065373
42046.61169,70.73472164,76.12658852,60.068384,9.216280414,9.15715812,6.046348242,10.83305583,15.35503506,9.460506334
42046.61181,70.74653367,76.08156478,60.23106812,9.83938661,8.807807957,5.601762875,11.32262441,15.27839131,9.38109496
42046.61192,70.76158053,76.10421522,61.06646909,9.752339634,8.908743905,6.125228669,11.29439956,15.87917263,9.106584699
42046.61204,70.80484177,76.16737913,61.56110304,9.768962545,8.985685882,5.700865183,11.46209554,15.77518199,9.868311898
42046.61215,70.79473187,76.37833823,61.98911753,9.742843372,9.154545777,5.275636326,11.22183405,15.64649182,10.94776618
42046.61227,70.82672035,76.23422615,60.77017964,10.22824372,8.840097085,5.402889597,10.90434511,15.48565883,9.908945301
42046.61239,70.8563578,76.25132617,61.95239232,9.823836777,8.984753837,5.871853452,11.57385497,15.3821246,10.31596869
42046.6125,70.87051063,76.26167175,61.68673643,9.772334294,8.990356614,5.478663403,11.21575726,15.74972693,10.47989794
42046.61262,70.87363409,76.309321,62.30386547,10.21668432,8.773273701,5.810040911,11.14679619,15.97103713,10.38603322
42046.61273,70.88827312,76.2362459,60.06722399,9.588574865,8.711391285,5.792263414,10.64500415,15.35918346,9.970806819
42046.61285,70.93386971,76.16548093,61.33955691,9.641008039,9.162246237,6.200840096,10.79800348,16.25210182,9.285357242
42046.61297,70.92144453,76.19758517,60.30187876,9.844280729,8.470301535,5.332943907,10.74985613,15.98564115,9.918855308
42046.61308,70.94604387,76.23358995,61.15442204,10.04677624,9.027073093,5.378130596,10.92086305,15.60373637,10.1778427
42046.6132,70.96903661,76.25210227,61.04295085,9.936215994,8.641029488,5.769331954,11.14317946,15.82729546,9.725898485
42046.61331,71.0032685,76.33331409,61.69254705,9.767631194,8.87514194,5.140103393,10.9681767,16.42601277,10.51548106
42046.61343,71.02712357,76.46411736,61.50134669,9.796821793,8.512452142,5.394828122,11.20051503,15.51910914,11.07762047
42046.61354,71.04636621,76.37617837,61.79887035,10.12552336,8.79504025,6.024943871,10.92891224,15.687076,10.23737463
42046.61366,71.06831761,76.36903717,60.91082339,9.832324537,8.570280771,5.643536363,10.84774759,15.3843651,10.63256903
42046.61378,71.07115747,76.36494009,61.5210016,9.985563171,8.419261984,5.444155795,11.17159385,16.28266081,10.21776599
42046.61389,71.11435434,76.48823103,62.48160445,9.938946629,8.837794944,5.263426953,11.33924317,16.27849969,10.82369306
42046.61401,71.16722039,76.39676566,60.92541525,9.934658653,9.121062687,5.372724786,11.05512556,15.32419194,10.11765162
42046.61412,71.20197344,76.37915356,61.35595514,9.830604307,9.026710119,5.233178833,11.44565506,15.77894872,10.04085811
42046.61424,71.22437211,76.39573012,59.70559367,9.259278375,8.743502124,5.287191295,11.25617869,15.69770472,9.46173847
42046.61435,71.24497217,76.62889141,61.19469905,9.597365399,8.504279016,5.867229643,11.03008297,15.11838749,11.07735452
42046.61447,71.3071755,76.55146073,61.09179557,9.827338009,8.873940278,5.355198084,11.13862421,15.74500964,10.15168535
42046.61459,71.35929723,76.61543178,61.91625828,9.818740264,9.02106949,5.603727458,11.07309203,16.03502407,10.36460497
42046.6147,71.38155881,76.56810201,60.47188382,9.450678589,8.572289017,5.604904245,11.06230644,15.64463644,10.13706908
42046.61482,71.40976734,76.47480759,60.56447958,9.389295318,8.899976057,5.298441982,10.96063124,16.34534986,9.670785128
42046.61493,71.45494662,76.50789621,60.06407362,9.570094988,8.47289077,5.642171323,11.15882837,15.95873885,9.261349321
42046.61505,71.48281286,76.6626259,60.69936654,9.763936722,8.324583104,5.879181841,11.13341916,15.57579945,10.02244626
42046.61516,71.53712368,76.72162671,61.20560345,9.68988874,8.666374577,5.336683992,10.89063272,15.56831335,11.05371007
42046.61528,71.57217384,76.73765223,61.92895434,9.727254192,8.763853242,5.337765567,11.23979909,16.12359835,10.7366839
42046.6154,71.622792,76.56406106,59.76590278,9.647831596,8.771823861,5.6477011,10.57115555,16.17485735,8.952533325
42046.61551,71.65382822,76.82734956,61.03166676,9.312306169,8.744905459,5.093878388,11.52648796,15.94985633,10.40423245
42046.61563,71.70720787,76.79189082,60.89618135,9.395753987,8.686887747,5.525248261,11.47260148,15.60719061,10.20849927
42046.61574,71.77290769,76.79493021,60.71578616,9.494126642,8.410595409,5.206890472,11.3160166,15.97699858,10.31115846
42046.61586,71.78121063,76.87953266,61.04058139,9.323607663,8.688562127,5.635681625,10.72888036,15.97086535,10.69298426
42046.61598,71.83440942,76.81681923,60.92438722,9.524540906,8.6305354,5.643859638,11.07606928,16.14628647,9.903095521
42046.61609,71.88001996,76.95349281,60.5154295,9.948595456,8.304812776,5.318455361,11.00188464,15.43657286,10.50510841
42046.61621,71.9301098,76.83777357,60.31479472,9.347745956,8.792736874,5.20230418,11.17048089,16.04662277,9.75490405
42046.61632,71.96771506,76.88723353,60.44325698,9.523294525,9.026286796,5.352667598,11.00591234,15.66667077,9.868424953
42046.61644,72.0360813,76.9960923,60.6899902,9.964281881,8.867022542,5.08564753,10.9326976,15.72599385,10.11434679
42046.61655,72.05913618,76.8645292,58.70640111,9.866010814,8.221352717,5.258013766,10.6044709,15.74422002,9.012332901
42046.61667,72.07920108,77.28198576,62.16539618,9.896707616,8.459457445,5.370440944,10.70791094,15.94545567,11.78542356
42046.61679,72.13924584,76.87370009,59.96729139,9.777255296,8.964574966,4.939754286,10.81342006,16.35165551,9.120631275
42046.6169,72.16843599,76.98254467,59.62935169,9.44932069,8.588150365,5.464582277,10.76456358,15.90326409,9.459470688
42046.61702,72.19504048,77.12371062,60.37291045,9.451158144,8.633026873,5.325347691,10.70109904,15.82053414,10.44174456
42046.61713,72.21851206,77.0840805,61.04815804,9.64449168,8.875408634,5.741919828,10.70502616,16.28489618,9.796415566
42046.61725,72.26996603,77.2427108,60.73068096,9.901128127,8.601012398,5.27775471,10.71269058,15.60332051,10.63477465
42046.61736,72.31276107,77.19756543,60.43639523,10.07458836,8.638301811,5.227577209,11.03930338,15.48213706,9.974487407
42046.61748,72.3502351,77.21735991,60.14006126,9.465758419,8.506120559,5.320825607,11.26079964,15.71650749,9.87004954
42046.6176,72.37465145,77.17263313,58.59418557,9.298141135,8.379936489,5.544226677,10.81432891,15.27715253,9.280399823
42046.61771,72.40308118,77.2708739,60.77675401,9.732490149,8.489037549,5.530713948,11.05924738,15.91210231,10.05316267
42046.61783,72.43064261,77.35079362,59.75390385,9.630190514,8.520753069,5.090413268,10.69032581,15.98586192,9.836359269
42046.61794,72.49495229,77.42158913,60.10379394,9.213056526,8.939214592,5.450808013,10.73135532,15.64187396,10.12748553
42046.61806,72.50226422,77.39891671,60.0965478,9.652516824,8.867393431,5.846813044,10.95772118,15.09935356,9.672749765
42046.61817,72.55733259,77.771056,65.76810669,9.938577821,10.65382776,4.660811764,12.1387187,16.18346358,12.19270706
42046.61829,72.60649569,78.04935687,70.38464959,13.2876845,11.99563209,4.405965177,13.33134982,15.27162159,12.09239642
42046.61841,72.6141764,78.70732895,73.57736662,13.68897497,13.4988514,3.857808759,13.71963032,14.88269754,13.92940363
42046.61852,72.6723626,78.93895094,72.50702518,13.47384503,12.56476457,4.713459024,13.96613153,15.32650647,12.46231855
42046.61864,72.69049805,79.65935204,74.82856686,11.03552151,14.76546517,5.443511498,14.88523731,14.32742088,14.37141049
42046.61875,72.73211466,79.59355031,74.56267858,10.65858711,14.1953409,5.574251048,16.00062714,14.64246131,13.49141108
42046.61887,72.76060784,79.92933107,76.03530797,10.0005865,13.72326507,5.501979836,16.17823013,15.62504676,15.00619967
42046.61898,72.81303571,79.73558163,74.93825542,10.12391543,14.42633067,5.163731169,15.77541874,15.45743742,13.99142199
42046.6191,72.83348767,80.0951063,77.40223705,10.09613765,13.24609124,5.710593606,15.85219403,16.58995608,15.90726444
42046.61922,72.8744764,79.92035004,75.14685093,9.547477743,13.67770385,5.550626409,15.93888846,15.65020411,14.78195034
42046.61933,72.89572399,80.07230682,76.65121736,9.895799736,14.23195609,5.377604752,15.87831509,15.69476746,15.57277422
42046.61945,72.92763361,80.06796554,75.9394039,9.843571706,13.59197746,5.515438179,15.73580442,15.8179316,15.43468053
42046.61956,72.95332746,79.94953079,73.52414027,9.513482871,12.87807203,5.256451702,16.01255072,15.26429089,14.59929205
42046.61968,72.9843877,80.12517937,77.4296374,10.65676584,14.17489049,4.949297646,16.51077293,15.61677698,15.52113351
42046.61979,73.00188092,80.23153096,78.61462452,11.93776186,13.56475485,4.810153976,16.16475056,15.94930039,16.18790288
42046.61991,73.04138391,80.17614532,78.72348058,12.98555627,13.99882329,5.034077135,15.80799209,15.66701287,15.23001892
42046.62003,73.07797566,80.29622917,78.32487949,13.65201421,13.85527032,4.729973245,15.23842168,15.31191104,15.537289
42046.62014,73.09900165,80.34613297,76.37536828,14.01130701,10.80993879,5.579655794,16.17728868,15.47653211,14.32064591
42046.62026,73.1558396,80.40567137,76.54533276,14.05019935,9.753858619,6.017637106,16.07102263,16.24680613,14.40580893
42046.62037,73.18109796,80.57351206,78.50933084,14.58245093,9.575015711,5.766304936,16.65119237,16.09057066,15.84379623
42046.62049,73.20953249,80.56188993,76.87972173,14.31664263,8.893205204,5.087834554,16.5226731,15.73899437,16.32037187
42046.6206,73.25643986,80.4572817,75.59654568,14.04791821,8.8263897,5.412193861,16.46652844,15.19750642,15.64600905
42046.62072,73.25738913,80.38168435,76.58377482,14.4919231,8.952724931,5.46000974,16.68866896,15.75788872,15.23255937
42046.62084,73.27417202,80.27402837,76.62598635,15.03970765,8.70270006,5.732063819,16.64784577,15.65593715,14.8477319
42046.62095,73.30868775,80.44374024,76.13656299,14.42966121,9.006537004,5.459077688,15.68758769,16.10210797,15.45159143
42046.62107,73.33667932,80.32267502,74.32439284,14.15467964,8.778421365,5.569333615,15.89313227,15.34875991,14.58006605
42046.62118,73.36257234,80.44548923,77.42502599,15.25094113,10.5945983,4.773291834,15.42114515,16.19696369,15.18808589
42046.6213,73.39107191,80.72535385,79.18536833,13.81269226,12.78917564,5.148684815,15.97921821,14.57100762,16.88458978
42046.62141,73.42391608,80.54445285,78.13530002,14.93577431,13.58179829,5.401616152,13.03787348,16.37461628,14.8036215
42046.62153,73.46083752,80.67181144,78.40802722,15.00503715,13.51919914,5.805985168,12.63743238,15.27019592,16.17017748
42046.62165,73.51458795,80.09552248,65.52859232,12.7966188,10.81596763,3.977520617,11.42715327,13.61670807,12.89462395
42046.62176,73.51744365,79.7581904,68.4176494,12.14566162,11.59499682,5.327523372,11.26948896,14.20301375,13.87696487
42046.62188,73.56961317,79.75822436,72.35729361,13.7818212,13.28146897,4.649767661,12.27598989,14.95006471,13.41818117
42046.62199,73.61109679,80.18825069,74.29850987,14.24638372,13.55252717,4.419287816,11.08678789,16.20417008,14.7893532
42046.62211,73.60966012,80.21300004,74.44103217,14.74940388,14.42339269,4.464465506,10.94568096,15.50687106,14.35121806
42046.62222,73.65566248,80.43538418,76.42179703,15.4832319,13.82357965,5.259003036,11.11792197,15.91902414,14.81903633
42046.62234,73.66944989,80.54474824,74.60231169,14.47356697,13.11259292,4.90357552,10.62253015,16.27820964,15.2118365
42046.62246,73.68938895,80.57745147,74.90788714,15.0238743,13.14395481,5.519156126,10.84913035,15.53047169,14.84129985
42046.62257,73.72021357,80.58433632,74.11742467,14.24399143,13.52574768,5.323649633,11.41749571,15.23229254,14.37424768
42046.62269,73.75606252,80.70435598,77.29437317,14.34392803,13.84339015,5.813744005,13.760197,15.04198169,14.4911323
42046.6228,73.75101113,81.07982245,77.55127802,14.62618208,13.49255278,5.168898012,14.8374293,13.38840626,16.03780959
42046.62292,73.82197,81.07022569,78.6875479,14.26032413,14.17032841,5.968651772,14.85723139,15.0053845,14.4256277
42046.62304,73.86083606,81.13798237,77.72686945,14.98085474,13.87209538,6.324627195,14.85292275,13.02310923,14.67326015
42046.62315,73.87909948,81.08551887,76.3028472,15.00081304,13.75786146,5.42062813,15.07047536,11.11878517,15.93428404
42046.62327,73.92595723,80.96384348,74.67134647,14.33044963,13.93833366,5.76492283,15.0456825,10.11209482,15.47986303
42046.62338,73.96649171,80.93992792,75.88416776,14.92154887,13.72464009,5.706205469,15.17527663,10.91153878,15.44495792
42046.6235,73.98921889,81.10748765,77.1230901,14.81198407,13.53180195,5.700057645,15.87276826,10.83817009,16.36830809
42046.62361,73.99360684,80.98048336,74.60081747,14.22568685,13.7859325,5.522382108,15.48672638,10.22231346,15.35777618
42046.62373,74.04135349,80.83843492,75.92407787,14.71703426,14.07956913,6.106482276,16.29517365,10.03058677,14.69523178
42046.62385,74.06687261,80.94051492,76.18405531,14.25995544,14.22063716,5.142992398,15.5531257,13.46848745,13.53885716
42046.62396,74.09890695,81.64410601,79.00611822,14.26684579,13.3983221,5.734735613,15.24708268,14.52412611,15.83500592
42046.62408,74.11713526,81.61757117,78.97902633,14.52940652,13.44715906,5.70393692,16.08270459,14.52927941,14.68653982
42046.62419,74.16841819,81.70089063,77.64088027,15.13760052,13.66100026,5.514312105,12.41770582,15.3727216,15.53753997
42046.62431,74.16623016,81.47417255,78.43427617,14.69720556,13.89942508,6.06252359,13.89086739,15.31151655,14.572738
42046.62442,74.24546219,81.98303534,81.62722191,14.88569818,14.43663422,5.283697121,14.9226136,15.47663327,16.62194553
42046.62454,74.25296281,81.93278138,81.26939503,15.20395263,13.6730229,5.638355535,15.36435905,15.57093617,15.81876874
42046.62466,74.30644016,81.75615151,78.92877596,14.52036611,14.2328896,5.59711407,13.60365521,16.33566437,14.63908659
42046.62477,74.33160268,81.8267712,77.84282547,15.26222104,13.35120996,5.486350715,12.03137884,15.64095427,16.07071066
42046.62489,74.36141187,81.66340159,77.96168188,14.97952225,13.91152991,5.606686114,10.83571968,16.48172043,16.1465035
42046.625,74.38553422,81.39361296,75.23334038,14.21426273,13.96615635,5.578826946,10.78293077,15.52430685,15.16685674
42046.62512,74.4007501,81.35421611,76.85979298,15.35653946,14.234425,6.061150797,10.54116879,16.16040694,14.50610199
42046.62523,74.46515281,81.58788158,77.28026535,15.02005892,14.19909451,5.215962587,10.6269773,15.54628166,16.67189037
42046.62535,74.47453583,81.4913852,75.05497724,15.2055556,12.98364707,5.997633627,10.19786397,14.90617659,15.76410039
42046.62547,74.49769831,81.08969495,73.48121702,14.67653943,13.70078427,5.514843577,11.25094536,15.53767651,12.80042788
42046.62558,74.48622814,81.61075785,77.67165541,14.66686393,13.50172556,5.615130232,14.61687362,14.24447085,15.02659121
42046.6257,74.53346779,81.72182075,76.88440509,14.46347704,13.47282113,5.348683146,14.07779111,14.85524898,14.66638369
42046.62581,74.56731407,82.0496232,80.08525182,14.75474776,14.0035597,5.614166014,14.75386781,15.05481243,15.9040981
42046.62593,74.6243169,82.06076337,80.29050386,14.57550311,13.99751193,5.662888579,15.17494858,15.49184049,15.38781117
42046.62604,74.64416275,82.23464805,80.27866371,14.28407377,13.94462984,5.728025488,15.08858895,15.37500597,15.85833968
42046.62616,74.65354193,82.0772438,80.15111517,14.61101975,14.626895,5.745263831,14.82513926,15.75817439,14.58462295
42046.62628,74.70630235,82.2704061,80.20518829,14.29299901,13.88183099,6.083167825,15.27119819,15.13197259,15.54401967
42046.62639,74.75987346,82.06072747,78.67212373,14.97239913,13.55358157,5.353438661,15.7750355,14.86163128,14.15603759
42046.62651,74.77740372,82.1702807,79.1994627,14.90160645,13.59492718,5.200646193,15.76256374,15.20075636,14.53896278
42046.62662,74.80519753,82.3897341,81.02123744,14.51560144,14.34936695,5.900356253,15.41173353,14.91391741,15.93026185
42046.62674,74.85602614,82.3423079,80.74889668,14.45013982,14.21003834,6.119052322,15.36091377,15.22479658,15.38395584
42046.62685,74.85124571,82.29924049,78.44576781,14.05660814,14.35790094,5.482949002,14.48784814,15.163427,14.89703458
42046.62697,74.88460458,82.17702192,77.32267229,15.42186005,13.50596484,5.200856224,12.35653388,15.41898862,15.41846868
42046.62709,74.93133893,82.09326273,77.03240233,13.95572786,14.41064844,5.416700327,11.58154532,15.32152971,16.34625067
42046.6272,74.9569073,81.83005202,77.08852475,14.85560576,13.92774087,6.053659786,13.06319566,15.23227305,13.95604962
42046.62732,75.00714915,82.15859388,78.66981332,15.04452006,13.91753685,6.143017028,14.19857696,14.56595524,14.80020719
42046.62743,75.03904066,82.24781706,77.41378494,14.28909118,13.52176121,6.083081081,14.71580872,14.37491124,14.4291315
42046.62755,75.08530439,82.22246622,78.65269287,14.84106761,13.62970161,6.195487578,14.66567931,15.54842298,13.77233379
42046.62766,75.12808692,80.70299367,53.42518375,10.96261795,7.167201434,4.14248914,10.33323091,10.24813273,10.57151159
42046.62778,75.16693497,78.83257143,36.10226743,5.198669476,2.487498715,2.988120434,8.561024206,8.110005314,8.756949288
42046.6279,75.17950271,77.21251357,28.49116046,3.127775761,1.231420429,1.394420624,7.156661973,7.223454766,8.357426911
42046.62801,75.23503894,75.70558298,22.07016642,2.130520475,0.588045374,0.263455025,5.514875594,6.271494979,7.301774973
42046.62813,75.25784392,74.59308462,17.14836649,1.461625363,0.163035247,-0.752588806,4.575079628,5.260508919,6.440706137
42046.62824,75.29903406,73.67885035,12.69567831,1.079008341,-0.030571509,-1.400492058,3.528826922,4.307569165,5.211337443
42046.62836,75.30778349,72.9299471,9.548279045,0.890502738,-0.326163465,-1.777928021,2.96610514,3.532497823,4.263264829
42046.62847,75.33442701,72.45445614,7.188098351,0.66663005,-0.528643116,-1.990847924,2.459794662,3.09768494,3.483479738
42046.62859,75.37281877,72.10661616,5.139642317,0.570307314,-0.623398926,-2.299956182,2.021756909,2.600050758,2.870882444
42046.62871,75.3891844,71.85534217,4.071302621,0.45089162,-0.737146242,-2.370323337,1.780306595,2.380581926,2.566992058
42046.62882,75.41598499,71.61405172,2.731327325,0.414301903,-0.823254643,-2.703006584,1.548969863,2.184340489,2.109976297
42046.62894,75.44476185,71.40225891,1.454051079,0.270366825,-0.874460627,-2.789648516,1.295737695,1.852564092,1.699491609
42046.62905,75.50169654,71.26248969,0.505202834,0.191588711,-1.008677996,-2.966403009,1.241978783,1.612289911,1.434426434
42046.62917,75.52161699,71.16715874,0.181497333,0.153569469,-0.995765536,-2.937859556,1.11976545,1.538276027,1.30351148