Timestamp,exp_inlet,sim_outlet,exp_outlet,exp_heatgen
42046.54549,59.96129209,57.78071523,58.64065811,3.309692119
42046.54561,59.87320454,57.88591406,58.57520376,3.994078777
42046.54572,59.7858708,57.88746429,58.49635511,4.295517938
42046.54584,59.68620137,57.66297641,58.42403138,3.809166315
42046.54595,59.58057989,57.60408397,58.326437,3.950706951
42046.54607,59.49566508,57.68783788,58.24394553,4.545630864
42046.54619,59.40527441,57.4319425,58.16181562,3.912604656
42046.5463,59.32216596,58.07528542,58.10921204,6.555113486
42046.54642,59.24607035,58.81424047,58.06272819,9.52500537
42046.54653,59.18180377,59.54300436,58.17544665,12.41768506
42046.54665,59.08811092,63.26415781,59.68823253,26.39817337
42046.54676,58.99935269,65.82074684,61.52824252,36.09026186
42046.54688,58.9324314,67.63394268,62.76619738,42.97993469
42046.547,58.86034329,68.89320643,63.61205354,47.85277994
42046.54711,58.77309577,69.06733145,64.01136178,48.78838314
42046.54723,58.68451545,69.44626308,64.25040247,50.48148152
42046.54734,58.62180013,70.57831501,64.47826184,54.8563384
42046.54746,58.54614137,70.64796569,64.59078601,55.36870708
42046.54758,58.49093532,70.80108614,64.69480774,56.11876541
42046.54769,58.42298304,70.89881684,64.90263034,56.70830951
42046.54781,58.36106874,70.81577402,64.90091628,56.61260568
42046.54792,58.28728509,70.70458841,64.83381024,56.45361007
42046.54804,58.23635285,71.17633388,64.85963645,58.36098929
42046.54815,58.18123856,71.5664472,64.92162483,59.98244592
42046.54827,58.13305651,71.01593014,64.95266085,58.12090558
42046.54839,58.0694049,71.64269571,65.05139575,60.64164333
42046.5485,58.03114792,70.87312994,65.02533789,57.94087352
42046.54862,57.99412552,71.34105294,65.09730647,59.78714789
42046.54873,57.96598898,71.27986292,64.98813384,59.65738763
42046.54885,57.92268831,71.28617048,65.01709656,59.82723018
42046.54896,57.88385206,71.18090199,64.88089382,59.57159557
42046.54908,57.85434363,71.04414612,64.8610986,59.16857722
42046.5492,57.83513522,71.00984712,64.66984772,59.1074879
42046.54931,57.81851121,71.36536939,64.76217142,60.47132495
42046.54943,57.79063939,71.19304486,64.6821619,59.93193011
42046.54954,57.78648429,71.08686962,64.59331259,59.55551446
42046.54966,57.76479315,71.23328723,64.60013758,60.16746508
42046.54977,57.73500635,70.96531264,64.46219079,59.28280101
42046.54989,57.72868133,70.93615512,64.47425827,59.19699061
42046.55001,57.73392848,71.49401623,64.64128662,61.23093385
42046.55012,57.72786002,71.04854048,64.49988259,59.61308714
42046.55024,57.72340418,71.58762231,64.58597228,61.61086414
42046.55035,57.72242547,71.68823338,64.57692887,61.98423926
42046.55047,57.73622627,71.68754993,64.61870456,61.93498735
42046.55058,57.74093802,70.96967305,64.41342659,59.27874897
42046.5507,57.74935487,71.33210959,64.51527086,60.58320395
42046.55082,57.74389831,71.10495291,64.32046225,59.76624125
42046.55093,57.76124778,71.16492108,64.30034145,59.9280343
42046.55105,57.76031519,70.37279969,64.05377794,57.01816767
42046.55116,57.80025401,71.03945658,64.1568209,59.33451072
42046.55128,57.81389923,71.35387337,64.28585137,60.44466254
42046.55139,57.84689463,71.45613593,64.22127567,60.70903624
42046.55151,57.87242093,71.40980426,64.19855431,60.45218135
42046.55163,57.86835517,71.63745886,64.36370238,61.30327267
42046.55174,57.90240136,71.27295968,64.33693102,59.84734742
42046.55186,57.92129238,71.37133087,64.45729376,60.14516837
42046.55197,57.92452969,71.68702233,64.41077262,61.29532979
42046.55209,57.94339795,71.87529047,64.52797293,61.92392114
42046.5522,57.97437492,72.15050921,64.49254006,62.83137416
42046.55232,58.00197341,71.61156188,64.41093385,60.75549994
42046.55244,58.02365849,71.98301972,64.45788911,62.04836627
42046.55255,58.05793935,71.92175858,64.45981578,61.70692715
42046.55267,58.09528507,71.92656291,64.44261459,61.59811926
42046.55278,58.0972771,71.89511169,64.51115888,61.47568552
42046.5529,58.13225345,71.88807776,64.51646967,61.33135702
42046.55301,58.15287949,72.16778308,64.49334718,62.29036777
42046.55313,58.20523416,71.73700118,64.52697635,60.52849546
42046.55325,58.24619089,72.20093253,64.5465465,62.09628338
42046.55336,58.27390461,72.13427398,64.64859204,61.75722003
42046.55348,58.28645114,72.08922985,64.53494581,61.5490351
42046.55359,58.30345777,71.95333308,64.68793425,60.99155747
42046.55371,58.35247377,72.45559448,64.63890839,62.67312465
42046.55382,58.37327507,72.00903651,64.61686003,60.95999662
42046.55394,58.41600116,72.25828321,64.68794517,61.73213374
42046.55406,58.47647956,72.31373248,64.75029911,61.73127632
42046.55417,58.51178805,72.35773652,64.7330908,61.77356452
42046.55429,58.55502341,72.50132345,64.72356761,62.15534023
42046.5544,58.58595304,72.38016276,64.76137309,61.60487403
42046.55452,58.60826749,72.33300386,64.74688763,61.35581813
42046.55463,58.64732179,72.39531959,64.80109073,61.45278044
42046.55475,58.6718416,72.3657944,64.67631754,61.26112187
42046.55487,58.70092147,72.32768013,64.88952451,61.02242368
42046.55498,58.732715,72.49918065,64.89816682,61.54563073
42046.5551,58.73688549,72.96382196,65.06387924,63.24086781
42046.55521,58.79451411,72.25414693,64.87288779,60.43493611
42046.55533,58.81778261,72.54178259,65.01956573,61.41423131
42046.55544,58.85196525,72.81311621,64.98645253,62.29664777
42046.55556,58.8959074,72.8648886,65.15039265,62.33828409
42046.55568,58.92002429,72.80245592,65.09088225,62.02691304
42046.55579,58.93743034,72.82592918,65.09144522,62.05431511
42046.55591,58.96757016,72.7156767,65.13048057,61.5466229
42046.55602,59.00040954,72.63082694,65.16302327,61.12324777
42046.55614,59.00759988,72.97177757,65.24279055,62.35322449
42046.55625,59.06280513,72.99545346,65.30078572,62.25334619
42046.55637,59.08248063,72.55703403,65.22810991,60.57380378
42046.55649,59.12482084,73.27781626,65.28917754,63.0821556
42046.5566,59.11354734,73.36871619,65.35320793,63.45478974
42046.55672,59.157477,73.25523933,65.41698021,62.88847913
42046.55683,59.22541064,73.47298063,65.48566042,63.45952452
42046.55695,59.22824871,73.16565286,65.50999955,62.31915845
42046.55707,59.25590472,73.1770536,65.39152302,62.26742957
42046.55718,59.26568713,72.80665987,65.41383056,60.87159789
42046.5573,59.30790379,73.1835683,65.45976483,62.11527037
42046.55741,59.30731967,73.27083497,65.47665679,62.43832301
42046.55753,59.32192408,72.91598909,65.49929495,61.0833331
42046.55764,59.34382741,73.35887452,65.66811389,62.63858908
42046.55776,59.33931555,73.20504581,65.50387899,62.08789413
42046.55787,59.35526097,73.34508266,65.60402566,62.54911698
42046.55799,59.36342334,73.05034215,65.58976748,61.43705936
42046.55811,59.37608769,73.61342391,65.69447896,63.46591389
42046.55822,59.40707645,73.26298118,65.74130555,62.07153419
42046.55834,59.41241822,73.7028741,65.7840468,63.67199249
42046.55845,59.42258649,73.58162628,65.7117536,63.19141341
42046.55857,59.43027533,73.61008689,65.83994745,63.27009083
42046.55869,59.45080833,73.84974655,65.85080275,64.08239618
42046.5588,59.45770665,73.5313393,65.8408849,62.88742433
42046.55892,59.47524924,73.70677086,65.80910587,63.47350859
42046.55903,59.50388976,73.59641865,65.91071238,62.97045022
42046.55915,59.51215887,73.89529273,65.89342619,64.04218456
42046.55926,59.52379633,73.94492483,66.01054604,64.18539973
42046.55938,59.53784359,73.83563853,65.99118564,63.73567343
42046.5595,59.57289078,73.82318669,65.94327381,63.57114068
42046.55961,59.58723848,73.71680956,65.97259898,63.13111208
42046.55973,59.61862275,74.17391943,66.11770847,64.70686593
42046.55984,59.63339498,74.27290153,66.22697453,65.02108148
42046.55996,59.66371048,74.21850086,66.19562511,64.71819836
42046.56007,59.68872477,74.28632346,66.24701586,64.88305505
42046.56019,59.72428541,73.88380533,66.18528598,63.28138205
42046.56031,59.76358688,73.98877879,66.23727031,63.5345323
42046.56042,59.7818018,74.04269859,66.15800859,63.67124741
42046.56054,59.82331918,74.23836805,66.25476403,64.25066076
42046.56065,59.84524002,74.0703486,66.25356706,63.55810798
42046.56077,59.85968355,74.14030167,66.34212018,63.76660176
42046.56088,59.89547884,74.43862213,66.19416738,64.74317793
42046.561,59.89468025,73.89943865,66.26370422,62.76172391
42046.56112,59.94228016,74.06016805,66.33449879,63.19193421
42046.56123,59.9693764,74.17705431,66.39065613,63.53027703
42046.56135,59.98078957,74.41429553,66.44639378,64.36467053
42046.56146,60.04173172,74.36951305,66.36542701,63.99342933
42046.56158,60.07010975,74.57556481,66.55142812,64.65560501
42046.56169,60.0941215,74.60513631,66.55455979,64.68309695
42046.56181,60.12794746,74.97616305,66.64430811,65.93404664
42046.56193,60.15523774,74.36804816,66.47220381,63.60354251
42046.56204,60.16685589,74.93437509,66.77496118,65.64844143
42046.56216,60.20225831,74.88101623,66.83604446,65.33212742
42046.56227,60.22251919,74.47743652,66.67888277,63.77818991
42046.56239,60.2241176,74.55050317,66.61463052,64.04167433
42046.5625,60.23683602,74.09386036,66.62597902,62.3181302
42046.56262,60.27826141,74.47852016,66.70561823,63.59335108
42046.56274,60.27045967,74.37904298,66.8201173,63.25369195
42046.56285,60.30697479,74.86943963,66.7412157,64.93478988
42046.56297,60.30468016,74.2614599,66.79581272,62.70506104
42046.56308,60.31110171,74.49897326,66.73301604,63.55737484
42046.5632,60.31911914,74.77344202,66.85075892,64.54033769
42046.56331,60.33205467,74.73610455,66.83074553,64.35910211
42046.56343,60.36134061,74.86790305,66.94261161,64.74496752
42046.56355,60.37566778,74.57552778,66.84582615,63.62039108
42046.56366,60.38048764,74.73696456,66.86093831,64.19819818
42046.56378,60.38732513,74.47850988,66.87425663,63.2238572
42046.56389,60.39705563,74.83794606,66.96638317,64.51372531
42046.56401,60.38945908,74.95049225,67.03561811,64.95368382
42046.56413,60.39636895,74.79176455,67.01474365,64.34608407
42046.56424,60.42301693,74.69945369,67.04156038,63.9160748
42046.56436,60.45764982,74.80192153,67.1448735,64.1758724
42046.56447,60.44266925,74.81687177,67.04101656,64.28164336
42046.56459,60.45011642,74.96087912,67.10734692,64.78643131
42046.5647,60.47636714,75.06829086,67.19759142,65.09284191
42046.56482,60.47879278,74.88307891,67.18724725,64.4029435
42046.56494,60.51090339,75.22249363,67.11829232,65.54341821
42046.56505,60.52622699,75.11627285,67.26772625,65.10054036
42046.56517,60.53955548,75.37111713,67.08865956,65.99341005
42046.56528,60.55422667,74.83044222,67.15458464,63.9536768
42046.5654,60.56836886,75.09676763,67.14675139,64.88598741
42046.56551,60.60094141,75.05578415,67.18933525,64.62479868
42046.56563,60.62026751,75.1188046,67.26102438,64.7912836
42046.56574,60.64934662,75.33025078,67.23607483,65.47105205
42046.56586,60.64937,74.63529554,67.08627915,62.91316122
42046.56598,60.68128689,75.43632963,67.2453327,65.75331105
42046.56609,60.70103516,74.77129428,67.11880639,63.23865588
42046.56621,60.75098274,75.29064175,67.30548353,64.98094723
42046.56632,60.77084604,75.40206984,67.33269714,65.3238044
42046.56644,60.78868369,75.41350099,67.38073047,65.30545218
42046.56656,60.80110264,75.54548923,67.36199777,65.7492212
42046.56667,60.82861293,75.45904641,67.29607215,65.33783106
42046.56679,60.85431413,75.6882216,67.47780445,66.09435975
42046.5669,60.88231529,75.80135881,67.47910239,66.41597437
42046.56702,60.90810686,75.73338374,67.44886053,66.07837002
42046.56713,60.92111844,75.21546969,67.4157167,64.12788459
42046.56725,60.94094215,74.87910191,67.29867759,62.82270034
42046.56737,60.93218514,75.60488182,67.62225045,65.52377074
42046.56748,60.95874059,75.75351281,67.56500569,65.98093187
42046.5676,60.96310073,75.46346421,67.53532048,64.89848058
42046.56771,60.96740707,75.80498334,67.58776238,66.14104392
42046.56783,60.95865747,75.86172216,67.62560617,66.37955436
42046.56794,60.97215502,75.52919346,67.67468049,65.10975233
42046.56806,60.96720864,75.18644153,67.60906104,63.86489841
42046.56818,60.97821053,75.40316483,67.70826609,64.62533649
42046.56829,60.98239853,75.4650589,67.69341262,64.83897381
42046.56841,60.97561044,75.65775966,67.7806835,65.57130147
42046.56852,60.97154128,75.60879961,67.82140547,65.40486216
42046.56864,60.97822209,75.29955589,67.83210327,64.24393119
42046.56875,60.98712746,75.64721145,67.77605551,65.49345541
42046.56887,60.9669746,75.33299223,67.69906781,64.40510737
42046.56899,60.97763484,75.86724515,67.94481612,66.3355942
42046.5691,60.99963477,75.51685512,67.92893077,64.97123978
42046.56922,61.00154914,76.17619071,68.05219851,67.3919244
42046.56933,60.99334366,75.81957664,67.88413985,66.10689677
42046.56945,61.01651089,75.98198028,68.0646667,66.62626391
42046.56956,61.0108507,75.51559362,67.89198342,64.92859897
42046.56968,61.00890259,75.49304293,67.81637203,64.85219086
42046.5698,61.01816433,75.90022266,67.95772261,66.31968674
42046.56991,61.01679024,75.88559298,67.96351635,66.27048607
42046.57003,61.03113606,75.88777518,68.02597289,66.2299182
42046.57014,61.05148601,75.82184927,67.97418394,65.91828698
42046.57026,61.04205191,75.46030606,67.82392907,64.6193858
42046.57037,61.05437899,75.94532333,67.93296123,66.36302665
42046.57049,61.06165133,76.19072379,68.0190342,67.24181109
42046.57061,61.09984074,75.99593439,68.01594824,66.39532551
42046.57072,61.10601791,75.86188941,68.03823418,65.88093853
42046.57084,61.11339167,75.87730188,68.0679835,65.91269444
42046.57095,61.14776056,76.13873688,68.0060049,66.7586946
42046.57107,61.16327654,76.45434008,68.10993187,67.86805526
42046.57118,61.17196995,75.85885061,67.92089968,65.64631588
42046.5713,61.20239891,75.44532194,67.89238099,64.02100337
42046.57142,61.22443141,76.01940458,68.05252123,66.05963013
42046.57153,61.24033384,76.42780058,68.19556783,67.50928027
42046.57165,61.26821381,76.04351789,68.10606953,66.00006981
42046.57176,61.28231541,75.86906748,68.00707243,65.31008894
42046.57188,61.30319143,76.21490741,68.04694002,66.51253126
42046.57199,61.34790039,76.19733723,68.18269012,66.29637514
42046.57211,61.37243994,76.0181063,68.08336555,65.55341015
42046.57223,61.40785691,76.21077557,68.11289347,66.14271866
42046.57234,61.43663138,75.57389059,68.0184668,63.70070254
42046.57246,61.4850466,76.31928111,68.07037385,66.28067128
42046.57257,61.513686,76.03539013,68.25456921,65.13850203
42046.57269,61.54749332,76.27346266,68.25002672,65.90041733
42046.57281,61.60406407,76.21063579,68.16230249,65.47745566
42046.57292,61.60884934,76.62187796,68.26693687,66.97530431
42046.57304,61.64280284,76.137751,68.27619906,65.0778846
42046.57315,61.65643122,76.18694001,68.08224882,65.21279844
42046.57327,61.67844642,76.3838331,68.23184659,65.86308393
42046.57338,61.70984602,76.43799247,68.15974854,65.95609685
42046.5735,61.73723019,76.55738982,68.42329056,66.3029071
42046.57361,61.75797207,76.38420412,68.31480983,65.59501151
42046.57373,61.79249106,76.31548355,68.30918969,65.22505598
42046.57385,61.82451384,76.42862101,68.42488971,65.53308952
42046.57396,61.82180744,76.27771946,68.26188193,64.98669864
42046.57408,61.88014501,76.62039525,68.39265662,66.05066991
42046.57419,61.90072223,75.95832046,68.35386643,63.54349088
42046.57431,61.93573422,76.38154318,68.35366586,64.98293746
42046.57443,61.96666581,76.27208673,68.33036166,64.47516473
42046.57454,61.98181865,76.30937075,68.57452416,64.56108751
42046.57466,62.0202251,76.52954862,68.45032287,65.24157879
42046.57477,62.06358214,76.2810127,68.35009222,64.17965865
42046.57489,62.10180167,76.48290927,68.47892109,64.7934693
42046.575,62.14118643,76.82625446,68.48510334,65.92416969
42046.57512,62.16203758,76.79954637,68.53032236,65.75518242
42046.57524,62.20181477,76.58054246,68.55816605,64.8140635
42046.57535,62.21907177,76.46933237,68.5458413,64.34614751
42046.57547,62.27021408,76.84925808,68.6141363,65.57169088
42046.57558,62.32636536,76.70895082,68.76601242,64.86483172
42046.5757,62.34736346,76.23934127,68.56041051,63.06473461
42046.57581,62.36304384,76.72374579,68.85635832,64.79502792
42046.57593,62.41260854,76.90061142,68.76166593,65.27830039
42046.57605,62.44272738,76.80967299,68.75479566,64.84141294
42046.57616,62.48133201,76.98921731,68.96012011,65.37169585
42046.57628,62.50963237,76.64097359,68.79786034,63.99358566
42046.57639,62.55813285,76.55445147,68.69785333,63.51069542
42046.57651,62.59489905,77.14614599,69.02850223,65.5647275
42046.57662,62.64074254,77.23572375,68.95898029,65.73924137
42046.57674,62.66764114,77.06559365,68.9276301,65.02163792
42046.57686,62.69863239,77.05152395,68.92163371,64.86481983
42046.57697,62.75572038,77.12287355,68.9889292,64.93410305
42046.57709,62.78571925,77.71192243,69.09700908,67.0016058
42046.5772,62.82100059,77.0726069,69.10268487,64.52781313
42046.57732,62.86442411,77.23485249,69.08403056,64.97809908
42046.57743,62.91164873,77.34499996,69.25161764,65.22367959
42046.57755,62.91580238,77.12381991,69.09324309,64.39515485
42046.57767,62.95255307,77.36815833,69.2441051,65.17035293
42046.57778,62.97387226,77.57796478,69.31060989,65.87072473
42046.5779,63.01819055,77.09156343,69.11801877,63.92943743
42046.57801,63.04334344,77.4636283,69.32624861,65.2142692
42046.57813,63.06417201,77.72557206,69.23601319,66.10832493
42046.57824,63.10357328,77.91918663,69.41615833,66.68785436
42046.57836,63.10896135,77.74446428,69.41795655,66.02612692
42046.57848,63.15034648,77.65673462,69.44853374,65.56280778
42046.57859,63.17583278,77.35523668,69.44644792,64.36617386
42046.57871,63.20036218,77.82875954,69.50071205,66.02684409
42046.57882,63.21518708,77.85889675,69.49044363,66.08759758
42046.57894,63.32501291,78.2393312,69.66658643,67.11657128
42046.57905,63.56721464,78.74774976,69.85180039,68.16850745
42046.57917,63.50014418,78.23460883,69.84459185,66.5057045
42046.57929,63.51204345,78.12244667,69.70336837,66.05227701
42046.5794,63.53559714,77.99892403,69.69622198,65.51752717
42046.57952,63.53881007,78.28377502,69.83350963,66.55576181
42046.57963,63.5521559,78.08795224,69.81258909,65.78930153
42046.57975,63.57366486,78.11217005,69.83809605,65.80560717
42046.57987,63.5978636,77.91540162,69.88150975,64.99891707
42046.57998,63.62087498,78.09009152,69.92351388,65.56430661
42046.5801,63.65421806,78.22533865,69.83526695,65.94943742
42046.58021,63.6704256,78.03136136,69.99604801,65.18008782
42046.58033,63.68265645,78.01453236,69.86456046,65.07665965
42046.58044,63.73375447,78.09690982,69.88626425,65.20689123
42046.58056,63.76177304,78.21933036,70.00959624,65.5628226
42046.58068,63.77356796,78.31908903,70.0462197,65.89027805
42046.58079,63.80075442,78.01818895,70.0218871,64.6899132
42046.58091,63.84477833,78.6965009,70.16679585,67.03910189
42046.58102,63.85167971,78.2859639,70.19741304,65.50356158
42046.58114,63.88856379,78.0497029,70.1854516,64.50840339
42046.58125,63.90682745,77.75540009,70.17190666,63.36264749
42046.58137,63.95508985,78.46747653,70.17041322,65.82166951
42046.58149,63.97111195,78.42979047,70.29631083,65.62856252
42046.5816,64.00069579,77.9461468,70.16179111,63.74701391
42046.58172,64.03454018,78.44894823,70.30280118,65.48417151
42046.58183,64.06812977,78.69556256,70.33052572,66.27871922
42046.58195,64.11100153,78.54457372,70.31559371,65.57726745
42046.58206,64.12379111,78.26121998,70.32948524,64.49026099
42046.58218,64.15293557,78.96914433,70.55644532,66.9990898
42046.5823,64.15705999,78.57906746,70.35129479,65.54822959
42046.58241,64.20532129,78.66201966,70.39814903,65.69022113
42046.58253,64.22137579,78.65140367,70.49677094,65.59670823
42046.58264,64.25443491,78.7016065,70.57522049,65.66959129
42046.58276,64.30290536,78.98100472,70.69099392,66.53452436
42046.58287,64.32609808,78.42658526,70.57069214,64.41371245
42046.58299,64.37162276,79.5168865,70.99058802,68.2758295
42046.58311,64.39588387,79.47654292,70.96737025,68.04496942
42046.58322,64.4115912,79.29399365,70.94500997,67.31919844
42046.58334,64.4420368,79.18174638,70.89148847,66.80249531
42046.58345,64.44680954,79.50485787,70.88842174,67.97669298
42046.58357,64.45813941,79.29371338,71.04050919,67.16040697
42046.58368,64.47869513,79.50811098,71.11922581,67.88061229
42046.5838,64.51684665,79.75489761,71.22312337,68.66056034
42046.58392,64.53744301,79.71802262,71.20318505,68.45489045
42046.58403,64.57584455,79.23127808,71.14933119,66.53147105
42046.58415,64.58843762,79.69502062,71.21539561,68.19730896
42046.58426,64.6135768,79.85254442,71.34053863,68.69250068
42046.58438,64.66351672,79.7201103,71.20376763,68.0352883
42046.58449,64.68280868,80.10330794,71.36424988,69.3818377
42046.58461,64.71606954,79.52434611,71.34062405,67.13591166
42046.58473,64.7058552,80.05972713,71.42822067,69.14314067
42046.58484,64.741924,79.67377599,71.45036771,67.5988302
42046.58496,64.77117129,79.86840937,71.36499554,68.21682393
42046.58507,64.79458926,80.38910985,71.43963233,70.05613624
42046.58519,64.82305582,79.8417339,71.6240443,67.94268372
42046.58531,64.85926595,79.38705564,71.43932753,66.14477676
42046.58542,64.87335084,79.19850456,71.49143932,65.40241406
42046.58554,64.90576326,79.42888223,71.52090186,66.14127715
42046.58565,64.93576891,79.19109142,71.43158942,65.16355099
42046.58577,64.95098023,79.30401606,71.33779465,65.52800551
42046.58588,64.96816767,79.20168958,71.20367508,65.09278406
42046.586,64.98450578,79.52792025,71.39567294,66.23926626
42046.58611,65.02060528,79.49865422,71.45791237,66.00908987
42046.58623,65.03677203,79.77306209,71.445638,66.9653021
42046.58635,65.09634165,79.15402065,71.26769119,64.48275117
42046.58646,65.12407092,79.37972962,71.42116036,65.22027151
42046.58658,65.12514298,79.33184187,71.40141841,65.04021688
42046.58669,65.15050052,79.42967999,71.48470827,65.31471313
42046.58681,65.18985119,79.48257316,71.47142182,65.37620354
42046.58693,65.23330941,79.86873322,71.53071864,66.65165202
42046.58704,65.24032901,79.80020323,71.66864646,66.3753609
42046.58716,65.26499024,79.46258475,71.71364341,65.0478844
42046.58727,65.28860392,79.56210324,71.59154397,65.33449173
42046.58739,65.35368717,79.61599508,71.56323282,65.31244511
42046.5875,65.3567593,79.51525831,71.67349608,64.93089459
42046.58762,65.35158013,79.53887809,71.60073884,65.03546915
42046.58773,65.40697817,79.61199838,71.74379858,65.11709053
42046.58785,65.46543358,79.83797583,71.81830045,65.75154036
42046.58797,65.47805048,79.67068288,71.64404201,65.0924006
42046.58808,65.51789752,79.74356602,71.79372393,65.22586458
42046.5882,65.52441069,79.88253621,71.7091492,65.71581688
42046.58831,65.5375283,79.89395189,71.8446627,65.71341515
42046.58843,65.57024403,79.94246028,72.01452035,65.78125415
42046.58855,65.60853654,79.7377061,71.81153344,64.89704717
42046.58866,65.6324437,80.11303731,71.84123302,66.19893851
42046.58878,65.66193675,79.52698729,71.85592448,63.93969708
42046.58889,65.70200784,80.05441064,71.87827369,65.74712004
42046.58901,65.71515591,79.68741515,71.84553218,64.35036078
42046.58912,65.73277526,79.61087264,71.84612529,64.00863379
42046.58924,65.75631372,79.932246,72.08536373,65.11291358
42046.58936,65.8086155,79.70541787,72.0181116,64.09989478
42046.58947,65.81816988,80.36280909,72.03839735,66.48975844
42046.58959,65.85455133,79.93720337,72.07339791,64.79818628
42046.5897,65.89302322,80.02506406,72.17941053,64.99150837
42046.58982,65.90943977,80.37882485,72.10361351,66.23939614
42046.58993,65.94023291,80.35029096,72.30198341,66.02986934
42046.59005,65.95763455,80.36128758,72.26789863,66.01140395
42046.59017,65.98404373,79.44983381,72.06155219,62.56362779
42046.59028,66.00538803,79.86855978,72.11174234,64.03397603
42046.5904,66.01340303,80.10154602,72.25871474,64.86526297
42046.59051,66.03871365,80.30425601,72.32785942,65.52640838
42046.59063,66.06776477,80.56408159,72.4063349,66.38538937
42046.59074,66.10334447,80.21211461,72.40652229,64.96779795
42046.59086,66.13526341,80.1175011,72.3153335,64.51097304
42046.59098,66.15546143,79.61955941,72.46194334,62.60786213
42046.59109,66.1913973,80.31472264,72.44011008,65.04740854
42046.59121,66.20890712,80.4632409,72.62274553,65.53533513
42046.59132,66.22989877,80.1704257,72.51012528,64.38518851
42046.59144,66.23545855,80.39688101,72.58325835,65.20079438
42046.59155,66.28350377,80.17758362,72.46745586,64.22985088
42046.59167,66.33220408,79.7989017,72.44136918,62.66948932
42046.59179,66.37348863,80.29038978,72.48239054,64.34048025
42046.5919,66.41592728,79.78864218,72.27080622,62.34787983
42046.59202,66.44137209,79.96356912,72.46204381,62.90613269
42046.59213,66.47276595,79.89120748,72.42068242,62.53309525
42046.59225,66.51701001,79.92911022,72.3583698,62.5227633
42046.59236,66.54416575,79.97767894,72.35193486,62.60965907
42046.59248,66.56658128,80.14067228,72.524034,63.13423758
42046.5926,66.58652021,80.28214267,72.67732168,63.58792804
42046.59271,66.62863421,80.27946253,72.67979027,63.43528663
42046.59283,66.6442722,79.90817304,72.63835304,62.01420968
42046.59294,66.66992697,80.21093277,72.59819655,63.04278787
42046.59306,66.70350794,80.39256893,72.73221989,63.59824558
42046.59317,66.73520768,80.15111601,72.57234521,62.6010786
42046.59329,66.7617525,79.97540075,72.77564416,61.86365228
42046.59341,66.77176208,80.06018143,72.66615277,62.14209809
42046.59352,66.80388026,80.4130847,72.80878427,63.33357817
42046.59364,66.82537363,80.39159451,72.82265084,63.18152484
42046.59375,66.85911745,80.60327668,72.8702389,63.84717962
42046.59387,66.89577251,80.18271025,72.83100569,62.17317151
42046.59399,66.93456839,80.35916793,72.84336414,62.69185728
42046.5941,66.95849349,80.61975625,72.98474576,63.57101245
42046.59422,67.01156144,80.02137,72.96862572,61.18616045
42046.59433,67.04708789,80.48586315,72.96071223,62.77726309
42046.59445,67.06479662,79.99280021,72.81214845,60.90042139
42046.59456,67.11551511,80.2389275,72.90019467,61.63536286
42046.59468,67.13300742,80.51041953,72.98524982,62.57647103
42046.59479,67.15086366,80.5118463,72.99436479,62.52119261
42046.59491,67.19985698,80.36784769,73.04443754,61.82447248
42046.59503,67.22170926,80.17578257,73.11438141,61.04267622
42046.59514,67.24447179,80.5722672,73.13488815,62.42649302
42046.59526,67.27314066,80.60791273,73.11564912,62.46065449
42046.59537,67.29481803,80.59525384,73.22703794,62.34051395
42046.59549,67.34576718,80.42479984,73.14503271,61.53966472
42046.5956,67.37268774,80.72049702,73.2952249,62.53805011
42046.59572,67.37952365,80.82064252,73.42892725,62.88393275
42046.59584,67.43984152,80.68444699,73.3088482,62.17752858
42046.59595,67.47107703,81.17643207,73.33110954,63.88477749
42046.59607,67.48831814,80.7380713,73.33603079,62.21079112
42046.59618,67.52591967,80.69920774,73.40761548,61.94009063
42046.5963,67.55338613,81.2646066,73.48093191,63.93069859
42046.59642,67.55787235,80.93201962,73.49100873,62.68973004
42046.59653,67.59923926,81.04452587,73.63639201,62.96411263
42046.59665,67.62083648,80.61902349,73.53602544,61.32280163
42046.59676,67.66203443,81.38090745,73.64543907,63.99098954
42046.59688,67.68606613,80.98973402,73.52870989,62.46780135
42046.59699,67.70146101,81.32816461,73.70296112,63.66291743
42046.59711,67.71485817,80.78450421,73.61789564,61.61384882
42046.59723,67.75671899,80.73026944,73.53128972,61.27205781
42046.59734,67.80442751,80.83262245,73.64609169,61.48749587
42046.59746,67.82915407,80.94976572,73.73546642,61.83536967
42046.59757,67.82667082,80.82197851,73.64661497,61.37285522
42046.59769,67.85424434,80.98381851,73.82274309,61.87579878
42046.5978,67.88229774,81.18335909,73.83623278,62.51608787
42046.59792,67.91760903,80.8989637,73.71086315,61.34824145
42046.59804,67.94358001,81.13122676,73.929022,62.11617203
42046.59815,67.98349405,81.34296249,73.86687669,62.76122094
42046.59827,68.00576879,81.59354261,73.95469637,63.60929879
42046.59838,68.02288775,81.10972568,73.91027136,61.76803261
42046.5985,68.06565708,81.04979325,73.82390566,61.4021411
42046.59861,68.09425898,81.34170572,73.92140515,62.38103035
42046.59873,68.07868217,81.51059412,74.07745779,63.0563353
42046.59885,68.13930721,81.44559694,74.05637282,62.61120811
42046.59896,68.14122384,81.16146107,74.01018119,61.55747538
42046.59908,68.18883898,81.47182369,74.12780012,62.53993078
42046.59919,68.21245319,81.21287957,74.13081382,61.50546925
42046.59931,68.24132721,81.32324761,74.0976898,61.81434414
42046.59942,68.28094206,81.39737336,74.05381966,61.95323031
42046.59954,68.31459012,81.30106952,74.15882382,61.48419194
42046.59966,68.35734219,81.58567021,74.16821019,62.38821403
42046.59977,68.34807284,81.46512759,74.16028909,61.97533793
42046.59989,68.36194549,81.89837575,74.20346473,63.52526855
42046.6,68.39823612,81.6649298,74.31983622,62.54170253
42046.60012,68.4264573,81.369588,74.25182688,61.35742039
42046.60023,68.44000945,81.41491084,74.21704036,61.4785169
42046.60035,68.4807654,81.3543584,74.33026741,61.1171434
42046.60047,68.48277443,81.84244382,74.33943528,62.90938687
42046.60058,68.51672636,81.84041303,74.41073342,62.78677663
42046.6007,68.54329588,81.84669305,74.45250225,62.71983353
42046.60081,68.58105937,81.64191871,74.39805814,61.83696917
42046.60093,68.61392629,82.13992136,74.48482995,63.561273
42046.60104,68.63045577,82.05525187,74.42012831,63.1930953
42046.60116,68.64642715,81.83139931,74.46428315,62.31375631
42046.60128,68.68154436,81.95311517,74.6011868,62.64335
42046.60139,68.70374058,81.9871358,74.56765661,62.69349521
42046.60151,68.72854465,82.427637,74.70812549,64.2333096
42046.60162,68.76942138,81.51944011,74.51381795,60.74681661
42046.60174,68.79321943,82.02447583,74.61323052,62.52772767
42046.60185,68.8157476,82.32942969,74.68743259,63.57554703
42046.60197,68.87068496,82.08067422,74.57385632,62.47221383
42046.60209,68.86331612,82.53345224,74.76070645,64.16642321
42046.6022,68.87051948,83.03026503,74.86210447,65.97379842
42046.60232,68.9022434,83.24875373,75.06654566,66.67189195
42046.60243,68.96313655,83.07828826,74.98823455,65.8368075
42046.60255,68.94921678,83.26411744,75.43546859,66.56925601
42046.60267,68.97654417,83.32275459,75.3052624,66.69281784
42046.60278,69.00910146,83.65171652,75.69647228,67.79556626
42046.6029,69.03584661,84.55006987,75.87893331,71.01841929
42046.60301,69.06059627,83.57928635,75.71460201,67.35381947
42046.60313,69.10814826,83.553552,75.66032407,67.09765636
42046.60324,69.13649391,84.01815461,75.79739776,68.71504463
42046.60336,69.14421889,83.73510426,75.70711669,67.64489458
42046.60347,69.18385653,83.88858918,75.78768097,68.07654995
42046.60359,69.19603806,83.39239071,75.58550479,66.2052744
42046.60371,69.2073943,82.9526747,75.40778765,64.54531878
42046.60382,69.24490066,82.64680484,75.31684403,63.29035749
42046.60394,69.24442391,82.71406482,75.31390627,63.53995978
42046.60405,69.24901477,82.73988392,75.30081877,63.61958684
42046.60417,69.27814265,82.4267669,75.13034875,62.36638793
42046.60429,69.31384447,82.74820441,75.27925061,63.43041528
42046.6044,69.34867498,82.58709318,75.26752508,62.71828921
42046.60452,69.35037529,82.17958738,75.03182703,61.21018846
42046.60463,69.37797001,82.41767665,75.06522648,61.99434287
42046.60475,69.40618052,82.61121233,75.19634859,62.61220017
42046.60486,69.41824704,82.37754761,75.1345725,61.70981296
42046.60498,69.44146253,82.55988781,75.1613575,62.3033247
42046.6051,69.47855047,82.51894347,75.24742986,62.02659684
42046.60521,69.46612044,82.40431299,75.0965048,61.64613866
42046.60533,69.4940473,82.57205351,75.17140654,62.16984992
42046.60544,69.50841261,83.01146797,75.28667624,63.74128157
42046.60556,69.53972382,82.3667339,75.15709834,61.2579911
42046.60567,69.55910867,82.42836133,75.31005285,61.41945115
42046.60579,69.58767522,82.93932501,75.35852077,63.20646867
42046.60591,69.62210321,82.15848895,75.35333058,60.21092285
42046.60602,69.65788264,82.54594398,75.32532657,61.51797675
42046.60614,69.70150482,82.58998176,75.28390615,61.53239898
42046.60625,69.70999232,82.55234204,75.29418016,61.3648442
42046.60637,69.72794327,82.64135262,75.33181368,61.63213443
42046.60648,69.76135761,82.55963153,75.26519879,61.21752159
42046.6066,69.7663671,82.68346568,75.41072053,61.65709236
42046.60672,69.81839075,82.59393921,75.44169113,61.15058726
42046.60683,69.81147257,82.29832989,75.35019861,60.08423189
42046.60695,69.84693203,82.55592424,75.51832726,60.91363874
42046.60706,69.8740702,82.93940917,75.45975909,62.23550529
42046.60718,69.89636468,82.57086455,75.47264757,60.80107469
42046.60729,69.91033373,82.56689071,75.49735124,60.73904909
42046.60741,69.92273593,82.51623706,75.41241798,60.5102397
42046.60753,69.95285187,82.85372922,75.53067966,61.65240808
42046.60764,69.95442261,82.6131812,75.51882487,60.76018945
42046.60776,69.97073927,82.59151116,75.48859568,60.62495878
42046.60787,69.97341045,82.62933652,75.58546418,60.75535546
42046.60799,70.00621392,82.6507797,75.58983945,60.72316208
42046.6081,70.03954376,82.71575187,75.4945015,60.84967107
42046.60822,70.05990595,82.55204687,75.59697224,60.17705702
42046.60834,70.07642786,82.47924078,75.47028891,59.85260697
42046.60845,70.11205396,83.04446324,75.7596339,61.81574443
42046.60857,70.11350697,83.17023302,75.76779889,62.27457153
42046.60868,70.16533562,83.00636322,75.6189065,61.49455298
42046.6088,70.16052387,82.79846758,75.66309747,60.74433662
42046.60891,70.19718201,82.62783019,75.61001969,59.99088244
42046.60903,70.21312153,83.04878216,75.73514343,61.48889274
42046.60915,70.24853372,83.24102888,75.90501732,62.07767208
42046.60926,70.25970423,83.01087911,75.8168393,61.19114572
42046.60938,70.30495155,83.14225417,75.81508446,61.52210188
42046.60949,70.31792433,83.12639198,75.78196066,61.4196137
42046.60961,70.32541773,83.1035487,75.82413283,61.30996835
42046.60972,70.37579766,82.76491589,75.76866326,59.89051409
42046.60984,70.39702287,83.34274039,75.91786665,61.94911125
42046.60996,70.41402655,83.44125886,75.9004076,62.25473701
42046.61007,70.45261641,83.18636641,75.9260082,61.18393143
42046.61019,70.46836255,82.82386581,75.80638102,59.79391453
42046.6103,70.50035627,83.22840249,75.96254629,61.17701615
42046.61042,70.54560492,82.77006754,75.87286049,59.33358032
42046.61054,70.5468308,83.56169673,76.07568484,62.24844098
42046.61065,70.58593335,83.26928303,75.94293603,61.03750629
42046.61077,70.5944398,83.56949149,76.06510516,62.11570748
42046.61088,70.62600104,82.85446659,75.98254489,59.37207828
42046.611,70.64602561,82.9927294,76.0981053,59.81394859
42046.61111,70.64333108,83.61794609,76.17014427,62.12856896
42046.61123,70.67474477,83.29672139,76.22616205,60.83745651
42046.61134,70.68307353,83.63442374,76.18929085,62.05453663
42046.61146,70.68648837,83.36747309,76.17301468,61.05852263
42046.61158,70.71500551,83.54248918,76.1742266,61.60719443
42046.61169,70.73472164,83.14332231,76.12658852,60.068384
42046.61181,70.74653367,83.19830722,76.08156478,60.23106812
42046.61192,70.76158053,83.43869732,76.10421522,61.06646909
42046.61204,70.80484177,83.61261829,76.16737913,61.56110304
42046.61215,70.79473187,83.7193804,76.37833823,61.98911753
42046.61227,70.82672035,83.41826536,76.23422615,60.77017964
42046.61239,70.8563578,83.76610122,76.25132617,61.95239232
42046.6125,70.87051063,83.70708402,76.26167175,61.68673643
42046.61262,70.87363409,83.87729201,76.309321,62.30386547
42046.61273,70.88827312,83.28425204,76.2362459,60.06722399
42046.61285,70.93386971,83.67121756,76.16548093,61.33955691
42046.61297,70.92144453,83.37839954,76.19758517,60.30187876
42046.61308,70.94604387,83.63221328,76.23358995,61.15442204
42046.6132,70.96903661,83.62313433,76.25210227,61.04295085
42046.61331,71.0032685,83.83076175,76.33331409,61.69254705
42046.61343,71.02712357,83.80085805,76.46411736,61.50134669
42046.61354,71.04636621,83.89922898,76.37617837,61.79887035
42046.61366,71.06831761,83.6786224,76.36903717,60.91082339
42046.61378,71.07115747,83.84668713,76.36494009,61.5210016
42046.61389,71.11435434,84.14687019,76.48823103,62.48160445
42046.61401,71.16722039,83.77354693,76.39676566,60.92541525
42046.61412,71.20197344,83.92225151,76.37915356,61.35595514
42046.61424,71.22437211,83.49534168,76.39573012,59.70559367
42046.61435,71.24497217,83.91807553,76.62889141,61.19469905
42046.61447,71.3071755,83.94738502,76.55146073,61.09179557
42046.61459,71.35929723,84.2188601,76.61543178,61.91625828
42046.6147,71.38155881,83.84771311,76.56810201,60.47188382
42046.61482,71.40976734,83.89876574,76.47480759,60.56447958
42046.61493,71.45494662,83.80463563,76.50789621,60.06407362
42046.61505,71.48281286,84.00252381,76.6626259,60.69936654
42046.61516,71.53712368,84.18973235,76.72162671,61.20560345
42046.61528,71.57217384,84.41807967,76.73765223,61.92895434
42046.6154,71.622792,83.87817023,76.56406106,59.76590278
42046.61551,71.65382822,84.24990933,76.82734956,61.03166676
42046.61563,71.70720787,84.26227079,76.79189082,60.89618135
42046.61574,71.77290769,84.27378784,76.79493021,60.71578616
42046.61586,71.78121063,84.36948142,76.87953266,61.04058139
42046.61598,71.83440942,84.38690717,76.81681923,60.92438722
42046.61609,71.88001996,84.3179819,76.95349281,60.5154295
42046.61621,71.9301098,84.30965578,76.83777357,60.31479472
42046.61632,71.96771506,84.37907079,76.88723353,60.44325698
42046.61644,72.0360813,84.5088399,76.9960923,60.6899902
42046.61655,72.05913618,83.99224761,76.8645292,58.70640111
42046.61667,72.07920108,84.94845724,77.28198576,62.16539618
42046.61679,72.13924584,84.40779413,76.87370009,59.96729139
42046.6169,72.16843599,84.34302164,76.98254467,59.62935169
42046.61702,72.19504048,84.56907584,77.12371062,60.37291045
42046.61713,72.21851206,84.77371638,77.0840805,61.04815804
42046.61725,72.26996603,84.73497411,77.2427108,60.73068096
42046.61736,72.31276107,84.69455492,77.19756543,60.43639523
42046.61748,72.3502351,84.64868628,77.21735991,60.14006126
42046.6176,72.37465145,84.25204135,77.17263313,58.59418557
42046.61771,72.40308118,84.8698869,77.2708739,60.77675401
42046.61783,72.43064261,84.61795364,77.35079362,59.75390385
42046.61794,72.49495229,84.77195292,77.42158913,60.10379394
42046.61806,72.50226422,84.77671344,77.39891671,60.0965478
42046.61817,72.55733259,86.36446634,77.771056,65.76810669
42046.61829,72.60649569,87.66029629,78.04935687,70.38464959
42046.61841,72.6141764,88.53198422,78.70732895,73.57736662
42046.61852,72.6723626,88.29561209,78.93895094,72.50702518
42046.61864,72.69049805,88.94087608,79.65935204,74.82856686
42046.61875,72.73211466,88.90712106,79.59355031,74.56267858
42046.61887,72.76060784,89.3319754,79.92933107,76.03530797
42046.61898,72.81303571,89.08314352,79.73558163,74.93825542
42046.6191,72.83348767,89.7689302,80.0951063,77.40223705
42046.61922,72.8744764,89.19605762,79.92035004,75.14685093
42046.61933,72.89572399,89.62281032,80.07230682,76.65121736
42046.61945,72.92763361,89.45943935,80.06796554,75.9394039
42046.61956,72.95332746,88.82916946,79.94953079,73.52414027
42046.61968,72.9843877,89.91494253,80.12517937,77.4296374
42046.61979,73.00188092,90.2517178,80.23153096,78.61462452
42046.61991,73.04138391,90.317455,80.17614532,78.72348058
42046.62003,73.07797566,90.24318746,80.29622917,78.32487949
42046.62014,73.09900165,89.73485817,80.34613297,76.37536828
42046.62026,73.1558396,89.83306887,80.40567137,76.54533276
42046.62037,73.18109796,90.38780845,80.57351206,78.50933084
42046.62049,73.20953249,89.97289111,80.56188993,76.87972173
42046.6206,73.25643986,89.66866071,80.4572817,75.59654568
42046.62072,73.25738913,89.93674637,80.38168435,76.58377482
42046.62084,73.27417202,89.96358608,80.27402837,76.62598635
42046.62095,73.30868775,89.86282094,80.44374024,76.13656299
42046.62107,73.33667932,89.39800429,80.32267502,74.32439284
42046.62118,73.36257234,90.26103222,80.44548923,77.42502599
42046.6213,73.39107191,90.76356847,80.72535385,79.18536833
42046.62141,73.42391608,90.50958377,80.54445285,78.13530002
42046.62153,73.46083752,90.61729157,80.67181144,78.40802722
42046.62165,73.51458795,87.17956886,80.09552248,65.52859232
42046.62176,73.51744365,87.96473586,79.7581904,68.4176494
42046.62188,73.56961317,89.0794662,79.75822436,72.35729361
42046.62199,73.61109679,89.64308651,80.18825069,74.29850987
42046.62211,73.60966012,89.68034547,80.21300004,74.44103217
42046.62222,73.65566248,90.25871115,80.43538418,76.42179703
42046.62234,73.66944989,89.77892345,80.54474824,74.60231169
42046.62246,73.68938895,89.87994954,80.57745147,74.90788714
42046.62257,73.72021357,89.6943063,80.58433632,74.11742467
42046.62269,73.75606252,90.58705638,80.70435598,77.29437317
42046.6228,73.75101113,90.65193625,81.07982245,77.55127802
42046.62292,73.82197,91.02455403,81.07022569,78.6875479
42046.62304,73.86083606,90.8003081,81.13798237,77.72686945
42046.62315,73.87909948,90.4317363,81.08551887,76.3028472
42046.62327,73.92595723,90.03323019,80.96384348,74.67134647
42046.62338,73.96649171,90.39869861,80.93992792,75.88416776
42046.6235,73.98921889,90.75483325,81.10748765,77.1230901
42046.62361,73.99360684,90.07628147,80.98048336,74.60081747
42046.62373,74.04135349,90.47825675,80.83843492,75.92407787
42046.62385,74.06687261,90.57204784,80.94051492,76.18405531
42046.62396,74.09890695,91.36504038,81.64410601,79.00611822
42046.62408,74.11713526,91.37444862,81.61757117,78.97902633
42046.62419,74.16841819,91.05950287,81.70089063,77.64088027
42046.62431,74.16623016,91.27215178,81.47417255,78.43427617
42046.62442,74.24546219,92.20860358,81.98303534,81.62722191
42046.62454,74.25296281,92.11870914,81.93278138,81.26939503
42046.62466,74.30644016,91.53467656,81.75615151,78.92877596
42046.62477,74.33160268,91.26399287,81.8267712,77.84282547
42046.62489,74.36141187,91.32352212,81.66340159,77.96168188
42046.625,74.38553422,90.60745256,81.39361296,75.23334038
42046.62512,74.4007501,91.06152486,81.35421611,76.85979298
42046.62523,74.46515281,91.2344308,81.58788158,77.28026535
42046.62535,74.47453583,90.64093206,81.4913852,75.05497724
42046.62547,74.49769831,90.23631103,81.08969495,73.48121702
42046.62558,74.48622814,91.35967351,81.61075785,77.67165541
42046.6257,74.53346779,91.19006427,81.72182075,76.88440509
42046.62581,74.56731407,92.08702403,82.0496232,80.08525182
42046.62593,74.6243169,92.19487193,82.06076337,80.29050386
42046.62604,74.64416275,92.20988942,82.23464805,80.27866371
42046.62616,74.65354193,92.18400257,82.0772438,80.15111517
42046.62628,74.70630235,92.2470653,82.2704061,80.20518829
42046.62639,74.75987346,91.88158796,82.06072747,78.67212373
42046.62651,74.77740372,92.04032285,82.1702807,79.1994627
42046.62662,74.80519753,92.55855339,82.3897341,81.02123744
42046.62674,74.85602614,92.53156339,82.3423079,80.74889668
42046.62685,74.85124571,91.90425601,82.29924049,78.44576781
42046.62697,74.88460458,91.63108149,82.17702192,77.32267229
42046.62709,74.93133893,91.5954722,82.09326273,77.03240233
42046.6272,74.9569073,91.63413346,81.83005202,77.08852475
42046.62732,75.00714915,92.10800285,82.15859388,78.66981332
42046.62743,75.03904066,91.79754036,82.24781706,77.41378494
42046.62755,75.08530439,92.17513034,82.22246622,78.65269287
42046.62766,75.12808692,85.38359855,80.70299367,53.42518375
42046.62778,75.16693497,80.72078296,78.83257143,36.10226743
42046.6279,75.17950271,78.66611345,77.21251357,28.49116046
42046.62801,75.23503894,76.97333538,75.70558298,22.07016642
42046.62813,75.25784392,75.65711418,74.59308462,17.14836649
42046.62824,75.29903406,74.48497326,73.67885035,12.69567831
42046.62836,75.30778349,73.63747643,72.9299471,9.548279045
42046.62847,75.33442701,73.02038121,72.45445614,7.188098351
42046.62859,75.37281877,72.49881219,72.10661616,5.139642317
42046.62871,75.3891844,72.22340016,71.85534217,4.071302621
42046.62882,75.41598499,71.88372954,71.61405172,2.731327325
42046.62894,75.44476185,71.56291208,71.40225891,1.454051079
42046.62905,75.50169654,71.35738636,71.26248969,0.505202834
42046.62917,75.52161699,71.28772659,71.16715874,0.181497333
