Timestamp,exp_inlet,m6_in,m6_out,m5_in,m5_out,m4_in,m4_out,m3_in,m3_out,m2_in,m2_out,m1_in,m1_out
51528.0,23.30785559,23.327894969367986,24.032169375934242,24.065876510063791,24.252886631510506,24.284678670738678,23.933458943511095,23.96793153609535,23.972994369512385,24.007093079148955,23.823218784239089,23.858554254710366,23.639384761706889
51538.0,23.32746475,23.347419854512001,24.069069654161698,24.102463982256648,24.727269617145772,24.755029301266852,24.702009579946083,24.729950276763827,25.08725431775094,25.111884025649612,25.27648318082559,25.299470367807789,25.445382650125453
51548.0,23.31558366,23.335588498540233,24.148304231184689,24.181025005504129,24.769320987822688,24.796725984879345,24.886919146964896,24.913292059791033,25.445608377675718,25.467197658508599,25.840704293452593,25.858902931500339,26.397775546251712
51558.0,23.31401609,23.334027003600685,24.244937062036129,24.276835939401455,24.924046966477963,24.950137368804281,25.095533320832068,25.12013466754528,25.783027120210054,25.801750948405484,26.300094315447556,26.314391997760442,27.100896430189753
51568.0,23.311634,23.331654072721388,24.162960842138347,24.195555915757488,24.71866531180023,24.746502152295172,25.002963653430808,25.028352064465231,25.759098213097253,25.778025948903199,26.347062554764204,26.360961886423851,27.12439958424175
51578.0,23.29352679,23.313626523805397,24.03172206908113,24.065440405723098,24.490646969254506,24.520432523234497,24.790311251977691,24.817519872814568,25.633121916507044,25.653134531737535,26.340606324599104,26.354576167106352,26.947361602310796
51588.0,23.31054602,23.330571914507665,24.083069512735559,24.116348247861627,24.562431748479018,24.591603270245766,24.909204144834337,24.935397449053429,25.734931946554489,25.754074259222932,26.461967834516397,26.474900705013525,27.16567316150763
51598.0,23.30391419,23.323970181834184,23.991480560130501,24.025541664065855,24.444516896469175,24.47469450153724,24.723203683544412,24.750982025490782,25.601647406547915,25.621925649712651,26.346449455193465,26.360366638507216,26.959642112366687
51608.0,23.30528609,23.325337487557192,24.048086619979376,24.081669080972237,24.451341158883352,24.481464208274545,24.735216126984035,24.762896348339062,25.618746706037555,25.638883860199336,26.392991857067958,26.40651786828948,27.081970649077391
51618.0,23.294383,23.314480134359115,23.986736208028184,24.020838283330836,24.417085645971667,24.447497018874973,24.687376777625783,24.715460094373569,25.517371165322761,25.538366164337123,26.216803479323847,26.231822907073667,26.95224252489653
51628.0,23.28929295,23.309412667835833,23.972658227023317,24.006879950778632,24.420011243779996,24.450395956428178,24.686073352918388,24.714164448316616,25.550272256171894,25.570982237230286,26.316370371963419,26.330535998396616,27.060100175201772
51638.0,23.29205745,23.312164623870736,24.020683308297393,24.054494393423656,24.490648491549507,24.520429626963125,24.871914321941858,24.898421282660269,25.750048890757892,25.76905604878344,26.463832376393327,26.476740068173935,27.141883593229565
51648.0,23.28744025,23.307568248571677,24.01539243078669,24.049249326367331,24.456128667171765,24.486203032414878,24.762264105596788,24.789702183657528,25.563008577136323,25.583603496065322,26.342656115382045,26.356589429260339,27.071953745659677
51658.0,23.28139872,23.301553051857329,24.034180827090147,24.067878529780039,24.525496308848393,24.554980923700526,24.838053388076485,24.864846983841058,25.734519594272005,25.753655486776697,26.489361758890091,26.502047118172818,27.192511294179749
51668.0,23.27708778,23.297261405060745,24.042477088060497,24.076104955939844,24.535660004240899,24.565058055069329,24.827667493562302,24.854548599813985,25.691415870369728,25.710916567962148,26.42568976491069,26.438913838362801,27.144686509365432
51678.0,23.26935976,23.289568551732028,23.975410867445007,24.009614850232474,24.477250271486657,24.507152038962953,24.796537894559645,24.823692021519044,25.681338006511925,25.70093368184855,26.469426399374257,26.48228878700937,27.204659350933607
51688.0,23.26330762,23.283544288169043,24.035083059680492,24.068784355849225,24.523418761259524,24.552934122401716,24.843175547693413,24.869940737193499,25.706642210173491,25.726031554108175,26.428575018834852,26.441795090465352,27.199652302743772
51698.0,23.25524569,23.275517220448489,23.99811765175339,24.03213430670403,24.461031572361154,24.491078571199235,24.772292528532617,24.799661568129007,25.649039311148922,25.668919310832031,26.467374196128588,26.480264470459815,27.172669378946939
51708.0,23.26080332,23.281052762438279,23.946214309282034,23.980675518649356,24.460062700067709,24.490120407123985,24.782514638519039,24.809798992427734,25.609485245773541,25.629703637833618,26.437968079733174,26.451109781945704,27.180971626161675
51718.0,23.25273079,23.273016190117179,23.976645352193184,24.010850256783829,24.47898819154884,24.508887498614229,24.7325030886518,24.760215808618078,25.601098133106781,25.621390238587281,26.351645840804419,26.365524235851435,27.027731375768845
51728.0,23.26276598,23.283009857389576,24.012465636932216,24.046369086692067,24.49316940814397,24.52295230513942,24.789381085743621,24.816614930641911,25.667763839728718,25.687494516804545,26.450620166003905,26.463662979083409,27.247834515226693
51738.0,23.24066252,23.261002093652273,23.972894302546877,24.007137274707663,24.451047708607629,24.481192183256436,24.738815290573346,24.766483006478584,25.605502203255242,25.625766444628727,26.348458207217011,26.362374352897291,27.101951421121793
51748.0,23.23565604,23.25601767079289,23.950523984136975,23.98495836414893,24.44179056308267,24.472014546068984,24.708753916903319,24.736678027774349,25.591653658314303,25.612035882754991,26.386909342014015,26.400497970245794,27.095483220619951
51758.0,23.25546779,23.275746629539892,23.997773787554038,24.031809315233676,24.481578839559806,24.511467341287688,24.777393528388728,24.804736568049922,25.671275337300056,25.690982606002176,26.422996473559419,26.436280435656826,27.20491936239274
51768.0,23.26026306,23.280522844643105,23.947040291295,23.981511000794768,24.423781974106433,24.454166198793523,24.716341520067427,24.744208482883192,25.643387654730226,25.663336682074405,26.42339229185383,26.436677555836187,27.126716766659211
51778.0,23.27006325,23.290281790343151,23.988948156695706,24.023062303256623,24.490989880719155,24.520801240068277,24.8141340445443,24.841166981759702,25.726242839096788,25.745484078978464,26.458305136092573,26.471289855514282,27.166336330344485
51788.0,23.27100064,23.291216635033564,24.007895727402325,24.041850516109996,24.459248009763439,24.489330844638278,24.789446496753598,24.816690095136899,25.690504141587649,25.710049010193334,26.41754779951205,26.430877845957276,27.183785598305779
51798.0,23.26819771,23.288427515648813,24.036387530312147,24.07010357627771,24.544111302276566,24.573475910951277,24.858642636745834,24.885302146562911,25.774633096065518,25.79346702716542,26.548524126460272,26.560744794625229,27.256565171175538
51808.0,22.5886869,22.611823738153948,23.3501670374011,23.389727246057401,23.86785010638021,23.902971917426758,24.161983190144785,24.19457156812182,25.05242283353304,25.077400837018128,25.910252181208673,25.927899799025592,26.652363882937951
51818.0,22.549193,22.572500049312676,23.329491213942841,23.369230535938897,23.823834725196683,23.859334947405195,24.153008276216816,24.185677245206634,25.038423615600493,25.063525416307755,25.815810717336799,25.834267575941265,26.607163010246943
51828.0,23.66835123,23.686873975264721,24.380273226797268,24.411070042382526,24.922093320121963,24.948249788598801,25.216028290640672,25.239656954429972,26.146607479119286,26.162287120170998,26.984553447456896,26.993075375592241,27.690071280199206
51838.0,23.66005383,23.678612897965635,24.39170292154888,24.422403966127725,24.929229222198977,24.955326513507657,25.234719756472668,25.258190927303584,26.102340648769005,26.118398908538524,26.866484155131534,26.876013046340972,27.662233269535125
51848.0,23.13066389,23.151489101951608,23.92823488445492,23.962885622612969,24.407331419665155,24.43787461985205,24.69858245896032,24.726619379298494,25.66040739562866,25.680227127883072,26.46354171619771,26.476498402844602,27.324688768549557
51858.0,22.96606728,22.987598140298996,23.714983478355141,23.751453007892298,24.247871650506625,24.279774573945378,24.605638096550649,24.634467540763744,25.500842675500799,25.52202156938246,26.291685304074271,26.306104936060553,27.149409553476811
51868.0,22.7950409,22.817306051270336,23.525448966542292,23.563537414713231,24.113223749578403,24.146277109652146,24.436354216595578,24.466628593011706,25.332717564326835,25.355330320042611,26.12821486019628,26.144027609003192,26.903962242621731
51878.0,23.11842178,23.139304662271883,23.890928895079643,23.92590704713335,24.423805736104629,24.454217826656937,24.723439528386493,24.751274113635432,25.607688219667949,25.627965363540557,26.452139103852357,26.465200150862827,27.227715105659428
51888.0,24.671073,24.685314021989495,25.409989719692636,25.432029830654862,25.913492541873623,25.931219886083408,26.219098762258962,26.234200858437571,27.09390445387027,27.101532178888622,27.846987452570303,27.848180209107202,28.640070352246987
51898.0,26.04872316,26.057069214943969,26.822098958952395,26.832107899974336,27.335302294458515,27.34091816255167,27.607516343437318,27.610793972593175,28.496397300980771,28.492082721602486,29.291041468639655,29.279939963568946,30.042674983772962
51908.0,28.62664409,28.623957709281605,29.371934386072208,29.360217009027419,29.869789121054374,29.8538147182636,30.119320227491169,30.101206227413456,30.988551787143081,30.963017935702748,31.762613367869392,31.730472896037831,32.537901362284892
51918.0,32.51085583,32.491543930316539,33.196946384580919,33.152633248846264,33.660211396802175,33.611945096638038,33.87963153622033,33.829491455063312,34.731904651538485,34.674497768448937,35.495286639782954,35.431372701263463,36.272027676191584
51928.0,41.76393809,41.705015371329026,42.401933137209468,42.279168725210383,42.777138268916545,42.65119396965239,42.951467305270462,42.824056193793112,43.698501092132304,43.564742135721396,44.396810459954743,44.257120808997591,45.036269285485439
51938.0,48.90502075,48.815519767938937,49.520219826874488,49.336770872845811,49.835141632971101,49.649043694456665,49.947406394387194,49.760387730074513,50.650569041588042,50.457592805995425,51.247809206317456,51.049780031627478,51.800481964783238
51948.0,53.51344329,53.404205163672245,54.13103310540626,53.908269147838681,54.38911642008707,54.164199500509689,54.424530275498718,54.199359220275234,55.068375916427684,54.837763814949,55.582546756415965,55.347600625157135,56.075015403596346
51958.0,54.63497166,54.520920484404449,55.226793265028924,54.994665554849668,55.517940748062614,55.283379915256901,55.549145744058229,55.314368664187597,56.176230810423576,55.936157068708859,56.742770062402471,56.497917351783592,57.290202716099692
51968.0,54.87164091,54.756568430389088,55.449728364424097,55.215683378733019,55.713941312661561,55.477692450616985,55.763808768555137,55.527184206263897,56.419630142264573,56.177463279074615,56.928844818216788,56.682387247795759,57.514218190331945
51978.0,55.04761417,54.931776113794157,55.672085034380736,55.436119666010356,55.961428256150654,55.723044775356769,56.020633376548304,55.781794879107402,56.694036372736505,56.449505450409355,57.197715554470768,56.94894110042263,57.714642605429162
51988.0,55.11347062,54.997339398993198,55.727206153956772,55.490749588566722,55.995781223933896,55.757084893193181,56.017706077169173,55.778874032418443,56.631271627631705,56.387258219807585,57.153882907234333,56.905465259185398,57.684510993314341
51998.0,55.245799,55.129088951747605,55.884114894430574,55.646296552997583,56.127098239209104,55.88725925690575,56.143024279898171,55.903101752158854,56.80599028658029,56.560465517185868,57.322615917807326,57.072738624377727,57.833951474550524
52008.0,55.27623668,55.159389568123594,55.930512829202762,55.692285426557888,56.181852755022881,55.941533640237573,56.246095996437049,56.005281551092935,56.914916966771706,56.668450482436413,57.438904817178056,57.188023240931855,58.041843845251172
52018.0,55.24039183,55.123687305439155,55.851516346273641,55.613940178457121,56.105002284191116,55.865315395708826,56.192270991756544,55.951891810237782,56.872663897820772,56.626532997551493,57.501705912186758,57.250262951078525,58.02779448253105
52028.0,55.30127851,55.184297492859315,55.951823954821982,55.713358803788417,56.210549063272154,55.969926822666558,56.278398752828259,56.037248419938791,56.912904088518644,56.666391349842002,57.444650387139482,57.193653429629919,57.986522950320996
52038.0,55.30107475,55.184080720359724,55.914866973675608,55.676689527408726,56.168127127495609,55.927839430750495,56.187924733832119,55.947519336365254,56.793243359032864,56.547724279832003,57.37909026915213,57.128625080355675,57.923642611715387
52048.0,55.29251881,55.175545038412189,55.897366721737008,55.659305790282289,56.183238464223471,55.942789099207289,56.205933108493184,55.965341795271577,56.842417786031319,56.596446609322882,57.331752542005404,57.081658736966254,57.913722547845033
52058.0,55.26430517,55.147446156066096,55.92429732155226,55.68599606680592,56.227047257055226,55.986215511283902,56.280774385109595,56.039538005323401,56.890415940152856,56.644030705849111,57.410931036382628,57.160159001678615,57.972642060971189
52068.0,55.27978443,55.162849133177147,55.897260707179377,55.659170080478326,56.197537846108531,55.956937574994427,56.23212920539698,55.991287536921185,56.903602863672496,56.657084077621732,57.44982630256861,57.198700985494469,58.010664922887194
52078.0,55.28872538,55.171738234830933,55.915926816214593,55.677649520188822,56.227187470574798,55.98630659523382,56.271807957224141,56.030600185127398,56.935818426737377,56.688996747993926,57.398235261426734,57.14752202239616,57.976121467000475
52088.0,55.34004767,55.222830616640564,56.12125037553789,55.881199286071187,56.66710920603041,56.42245110838396,56.627035807222207,56.382773815328072,57.403816584658962,57.152977380256843,58.07634581517636,57.81982120611594,58.740384707761848
52098.0,55.37288336,55.255514737195682,56.36400204455181,56.121856183638982,57.132318810791489,56.883666563447484,57.06621945009195,56.818186333058776,58.007739511205152,57.751722882032034,58.770650983629942,58.508177956262806,59.546108670773066
52108.0,55.41731944,55.299749340494365,56.470807366870538,56.227726332215539,57.244605170647176,56.994969766692442,57.197030925194817,56.947855960027852,58.276920068265028,58.018578926071974,59.173209926365523,58.907272822129464,60.00183538450095
52118.0,55.4469475,55.329233957461213,56.583474668997823,56.339396473276231,57.368445963196358,57.117715978752557,57.339729712529703,57.089298110179762,58.46883510511239,58.208814775299345,59.393062760088547,59.12520595961854,60.340112926173724
52128.0,55.52205532,55.404007374105774,56.567882089737921,56.32391265952036,57.339662598355687,57.089154130226191,57.342099865807619,57.091624521865796,58.386512167723531,58.127171220358321,59.423514725267985,59.155373992919522,60.246895070722616
52138.0,55.60272977,55.484328149801478,56.72778044933024,56.482429430928775,57.472590470559147,57.220930413333015,57.477136693824498,57.225491751384034,58.532930685073708,58.272322372616756,59.369397110666362,59.101701205976056,60.32852845175784
52148.0,55.64665355,55.528049514222417,56.54235859411024,56.298562955385201,57.039889796596995,56.791896464156046,57.121411646090316,56.872775209218752,58.026772568282937,57.770456134164263,58.891839762429321,58.628189695994259,59.8109635002684
52158.0,55.69020516,55.5714004159681,56.436824190529663,56.193901015748978,56.799093754712302,56.553126852193728,56.902866999455959,56.656065440682141,57.708790889806657,57.455156580526193,58.404970422753863,58.145442813720102,59.25979869033813
52168.0,55.5824358,55.464083462997984,56.252502654358892,56.011134722551731,56.531341091806674,56.287642496973895,56.600720332926819,56.356481179083929,57.285054715970752,57.03502125406893,57.962765770590629,57.706996217062148,58.714094869702905
52178.0,55.10409651,54.987786643242053,55.729294388084824,55.492376192901673,56.05142913874775,55.811809323306342,56.08712460211791,55.847251265978429,56.72866068282547,56.483357416734009,57.301688446328399,57.051542120157364,57.934649193563246
52188.0,55.05607383,54.939956793697725,55.695588461206953,55.458932552917432,55.986544592631759,55.747454322832283,56.071044425791847,55.831284630440564,56.764619787291771,56.518985934400384,57.317975483756008,57.067667425252679,57.859092119344467
52198.0,54.86312433,54.747029674789069,55.530700110140721,55.29381639853856,55.831507961064155,55.592088102820533,55.875054987972092,55.635313279257261,56.522126176863281,56.276869530528714,57.044926669330252,56.795225933878307,57.660981932380864
52208.0,54.64321348,54.528059408065488,55.27575495597393,55.04104645202991,55.55808454872151,55.320999663300768,55.57564438180664,55.338462174200032,56.20068081297579,55.958173658582133,56.803628994671648,56.555988460062196,57.365812159147382
52218.0,54.43077071,54.316522139142229,55.049645281966555,54.816858207669455,55.338271356800043,55.103054505523367,55.387763091847063,55.152175169017468,56.031914864652308,55.790838033155239,56.609510710561977,56.363519309957368,57.141096991802208
52228.0,54.32360905,54.209812618231666,54.959848317173027,54.727812474235932,55.251404932191186,55.01691462302594,55.292829838670819,55.058038635083612,55.934444155971576,55.694186099699941,56.491787654486934,56.246789609746422,57.085066144566476
52238.0,54.20946289,54.096154045771208,54.851790033554153,54.620673123099259,55.215803627051649,54.981609043325889,55.32753305738462,55.092433198349582,55.971891303688317,55.731301652326941,56.574930393160095,56.329208143954375,57.139401741978055
52248.0,54.12229057,54.009346182695943,54.748933653745468,54.518676982068847,55.060894909315699,54.828008224048084,55.104125595656868,54.870922981094481,55.765058829018116,55.526222724485976,56.325744633047769,56.082139605862729,56.876323626620049
52258.0,54.03121193,53.918652920442199,54.69317484775037,54.463380627049311,54.987577906924685,54.755304145929422,55.019559664376125,54.787066255788865,55.696529246748483,55.458263305379504,56.264773543605621,56.021672730339112,56.806832593414661
52268.0,53.95538398,53.843140769036246,54.640212702993026,54.410849104811902,54.942273129130783,54.71036297480655,55.034740646078795,54.802089227452491,55.697035901879602,55.458737043349515,56.251843630997513,56.008824398956477,56.873528012522797
52278.0,53.85024836,53.738443476883099,54.512748908208444,54.28444842399233,54.813647718990609,54.582808917944831,54.854283250512417,54.623148024213627,55.547651634853388,55.310599049361386,56.192915552693428,55.950361518829482,56.768315162972002
52288.0,53.80598745,53.694366024379342,54.41720862842994,54.189713098073597,54.742156372747942,54.511913437929678,54.781843136049055,54.551310184091847,55.458683414083772,55.222373300926748,56.050046520916034,55.808696999158279,56.56591472118447
52298.0,53.73958121,53.62823765607763,54.418067195060509,54.190544112792388,54.786187466538969,54.555543873553006,54.826777469941263,54.595835116711648,55.472892026250584,55.236435736651224,56.091706977196644,55.8499734232728,56.738658963968625
52308.0,53.66042351,53.549408755791362,54.273498660876946,54.047191524179176,54.565124846963634,54.336353886339673,54.638730266525855,54.409374095104411,55.307437529880957,55.072370218621671,55.845596726563443,55.605944387092507,56.426446117573704
52318.0,53.62941422,53.51852489749475,54.296623026843463,54.070098071906514,54.588674290968171,54.359680854005099,54.673013678321965,54.443341714172711,55.304315951926696,55.069253854896935,55.861530836442512,55.621718338366492,56.468269701480317
52328.0,53.57961792,53.468929428632713,54.283982110783391,54.057534632089769,54.560282813485706,54.331500595169892,54.603131786249037,54.374026735210904,55.26367489359184,55.028925318106445,55.852066402371328,55.612295516455056,56.396120141112306
52338.0,53.55140563,53.440829882949153,54.175321005050662,53.949788362355811,54.492223705303452,54.26400366781354,54.502277539757564,54.274014680271428,55.193012972646827,54.958842394246126,55.773850672083249,55.534720945367241,56.352920345071261
52348.0,53.51365298,53.403226397466355,54.197497106049489,53.971742220998173,54.512159905019637,54.283734424210003,54.505095939111399,54.276772964813077,55.175317520708369,54.941260659392611,55.749635317775436,55.510672620249281,56.308000601459383
52358.0,53.56494903,53.454288690476261,54.218079932982363,53.992122438006227,54.541722418622648,54.313015293504677,54.585912768414758,54.356865099773003,55.232980755277154,54.998396937063781,55.795971707242295,55.556577894683805,56.375340612906982
52368.0,53.53516399,53.424626558317904,54.20761198294889,53.981731996701356,54.506090097993152,54.277676749512587,54.581277729728356,54.352256139692606,55.23843155304305,55.003786145250473,55.819315080868904,55.579704793196555,56.402152902544394
52378.0,53.57204434,53.461307222764702,54.231179935045468,54.005014653831012,54.584367107940714,54.355195145318532,54.655909033507058,54.426159453636366,55.364192390134406,55.128375559972689,55.908298319822372,55.667831446621989,56.450976550157883
52388.0,53.6259299,53.51495770063292,54.266284544910789,54.03981227872314,54.617157741785256,54.387697948852733,54.706155322400903,54.475966647486722,55.358259211092992,55.122486853862107,55.898861099840609,55.658467991471781,56.549794860430652
52398.0,53.60476684,53.493880764093255,54.247590757668085,54.021267646572134,54.527972383881625,54.299268557515425,54.640084860712228,54.410451804658962,55.285274362406071,55.050116022373075,55.819670590246083,55.579943816850495,56.429395732120788
52408.0,53.64372558,53.532657819022141,54.29915182027419,54.07235757875732,54.570904764487409,54.341803842150391,54.654963514477615,54.425175048161229,55.298397468657519,55.063098027167797,55.894403613514463,55.654003744658894,56.474047229633285
52418.0,53.62643359,53.515431382884799,54.299164916510868,54.07235169543101,54.610114285830427,54.380656315885965,54.654983295995763,54.425175942099806,55.311042178269496,55.075614660059152,55.857341405122312,55.617241878596694,56.424978869385022
52428.0,53.67014167,53.558939760939076,54.345061196353306,54.117831145259714,54.65643254700975,54.426554038024669,54.722128341289256,54.491720969199619,55.356486623428218,55.120645954376783,55.877119803808768,55.636828226914858,56.415153544867827
52438.0,53.68878391,53.577491357525574,54.31707317771928,54.090065285037305,54.590045766710162,54.360721154869125,54.690483447213268,54.460330931769121,55.345645827518517,55.109880838444091,55.912978929177036,55.67236063289544,56.508688683370153
52448.0,53.72255474,53.611105232874536,54.353309393127837,54.125967221536797,54.655962394893741,54.426047222319504,54.726637482381939,54.496151113185363,55.345484802309485,55.109698659377827,55.986355173338382,55.745080786363829,56.583540362238658
52458.0,53.77775034,53.666052412713398,54.463782698507032,54.235468743043107,54.809709015360127,54.57844882923375,54.875067130400041,54.643281981573224,55.515139375533366,55.277871304205782,56.107160204749256,55.864825309947499,56.676292545401381
52468.0,53.83033192,53.718393571735213,54.451581979842658,54.223347428707413,54.746253578146202,54.515514306609582,54.835567393617588,54.604095897272508,55.428338220024216,55.191790852352561,56.01927845046756,55.777672445996728,56.575088308313738
52478.0,53.84258968,53.730588027131539,54.498789547755742,54.270127590230359,54.830921832995656,54.599432404230548,54.89141151221277,54.659439319543949,55.515188739834926,55.277873400108916,56.138604045105311,55.89595019947113,56.652382052418368
52488.0,53.89601974,53.783781160202089,54.563791004772966,54.334557620909578,54.874060509958014,54.642188663400475,54.94270154916606,54.710277007199615,55.595986842550325,55.357964716323977,56.149004070965049,55.906251182195831,56.746056525404839
52498.0,53.94147555,53.829028784527338,54.581969091728197,54.352556634910066,54.885231827567495,54.65324161154151,54.898066905694407,54.666006025542302,55.526704050072325,55.28925807600713,56.048729500903512,55.806820023319808,56.595135834763326
52508.0,53.97758564,53.864973971804019,54.594819316695123,54.365279827837753,54.874258809132613,54.642347859505115,54.903377582781161,54.671256245512296,55.542638143594395,55.305040476687232,56.119003188948327,55.876473578192162,56.655122100968974
52518.0,54.01155811,53.898786463028642,54.648787311789945,54.418756673009675,54.955745491534167,54.723106151365684,54.942697501521934,54.710212347832226,55.586127564347528,55.348129991082182,56.125241271636916,55.882633266247353,56.750320265995818
52528.0,54.03347706,53.920599351788141,54.663778350790501,54.433596717815419,54.959593551668199,54.726899983234318,54.988548979971938,54.755647820947061,55.662608293101755,55.423930669098297,56.225944160901399,55.982447534639583,56.801697544361438
52538.0,54.09402998,53.980881514306439,54.763637367166588,54.532577610192469,55.081766466409569,54.848002762936439,55.147323025301503,54.913036601557479,55.787302439143033,55.547534302365172,56.367882873109849,56.12314737586582,56.85960228392986
52548.0,54.13445709,54.021122413671542,54.794180410975578,54.562836397232395,55.099507615002473,54.865571579785126,55.13135388953949,54.897187763150491,55.730235568583723,55.490943558859065,56.29154750310434,56.047455431916269,56.885004028952018
52558.0,54.16266702,54.049196823749881,54.798273454564089,54.566868492847782,55.092321839083255,54.858423102455831,55.136668935980744,54.902433265241712,55.758619239763874,55.519059040066999,56.293771299312517,56.049637577190104,56.841804622051264
52568.0,54.21398688,54.100284260646177,54.822939195746756,54.59130212217412,55.121983209055244,54.887809870278431,55.186193861758653,54.951512903416038,55.856914903267167,55.616488704021911,56.441054887327063,56.195632767271341,57.009850782542223
52578.0,54.26718124,54.153238835398739,54.87849198276907,54.646357293114988,55.137791483301299,54.903464173434593,55.167000336849611,54.932468151962894,55.813955789477092,55.57388355613233,56.351137497843773,56.106474837806637,56.913224796294855
52588.0,54.30452151,54.190406049772072,54.941670935787812,54.708969343560412,55.249876270879611,55.014560801268836,55.302609461813248,55.066887408693859,55.963859727540893,55.722475162807974,56.498800888779307,56.252846383653036,57.087114347960828
52598.0,54.33590191,54.221639258203183,54.986552493140358,54.753441485345093,55.249192645744735,55.013861897000041,55.30561846253979,55.069849866634151,55.940934343034904,55.699727389048618,56.480814968903807,56.234995573316674,56.961564298613986
52608.0,54.39954622,54.284995575218787,55.037274505024634,54.803701552458698,55.320224910176471,55.084256882034147,55.359349877881122,55.123093829348058,56.026085295005245,55.784119252155577,56.556175308506646,56.309681370946521,57.038385741866691
52618.0,54.42739924,54.312720853807086,55.034226932764703,54.800666482972971,55.312562371853645,55.076646676129016,55.316026728606552,55.080131178563917,55.934042043646294,55.692857077005613,56.561620436460721,56.315064916576105,57.116371024471135
52628.0,54.48307431,54.368145683273568,55.136883161315993,54.902418107737063,55.442097645590678,55.205045005958475,55.495873479836099,55.258406429716416,56.14925536059684,55.906193197851778,56.718422626172824,56.470494560130298,57.200634581800401
52638.0,54.530928,54.415776888890996,55.199605951600162,54.964568838077049,55.507704434798924,55.270054585003372,55.562389926223155,55.324317862174574,56.189913489264264,55.946469158918021,56.677900769008041,56.430291462483382,57.195386211275434
52648.0,54.60821542,54.492719952813516,55.261417012098789,55.02582761584798,55.548130488183979,55.310112993776386,55.540688867185899,55.302786003468647,56.165285691659513,55.922035257805703,56.710320862301643,56.462411932405466,57.280196486132873
52658.0,54.64417426,54.528512071315667,55.271869529662723,55.03616791292108,55.554936464398949,55.316837733466848,55.560754751914459,55.322655739070044,56.171752754585299,55.928422931535337,56.761954954275033,56.513575522166377,57.279242169049432
52668.0,54.71648223,54.600494113306304,55.35416861511208,55.117730865812689,55.658574468732482,55.419554652876087,55.708334261528734,55.468934142559817,56.287100363082075,56.042747408467257,56.804679804447382,56.555904277276547,57.375979134733974
52678.0,54.75484007,54.63867413606151,55.360978015401471,55.124458163547793,55.649504590464339,55.41053931428732,55.663179424173663,55.424145326754591,56.31667895147946,56.072044998921314,56.850126029444567,56.60093159419484,57.391880811832628
52688.0,54.80084811,54.684473633368192,55.433127361352192,55.195966033825592,55.729304269058801,55.48963137878264,55.800921657669406,55.560679221295011,56.407426827236151,56.16199073952459,56.952706673342988,56.702607693785566,57.48935373065283
52698.0,54.87327834,54.756580082889677,55.467205143384398,55.229730708570003,55.756686595308125,55.516758602082298,55.788193976375034,55.548043475768786,56.445720460162242,56.199934966883838,57.00351151284638,56.752954911737596,57.489357421991265
52708.0,54.92753474,54.810586603605863,55.569430076246441,55.331043002961259,55.808930114176235,55.568521725420659,55.779090420129741,55.538990187690679,56.411451724129535,56.165933484469711,56.939713873055048,56.68967928431892,57.528152538926136
52718.0,55.01049231,54.893175627136046,55.657531493148461,55.418366108274974,55.943938687785121,55.702346618716845,56.002413407931051,55.760366340410982,56.586598461514313,56.339550358168488,57.15396110261603,56.90205883335112,57.652141147829646
52728.0,55.05928698,54.94175117737511,55.673926754899838,55.43460553519693,55.995166443713799,55.753117670314637,56.02559429155562,55.783333644629941,56.640160257551017,56.392636058483127,57.169828951704197,56.917776871197333,57.718118016739879
52738.0,55.1236044,55.005773869286806,55.76448011779042,55.52434463353049,56.106521810620308,55.863478677990322,56.167229228368647,55.923712533848565,56.810863886756934,56.561831846411401,57.345076322365998,57.091476896817603,57.871848863240629
52748.0,55.1678682,55.049840673134426,55.830312262191946,55.589597668883371,56.146365583253065,55.902967979955655,56.20429694991109,55.960449677015959,56.816282389604098,56.567193196808802,57.342529087490519,57.088941041201799,57.850261741436682
52758.0,55.23602225,55.117690560413564,55.90449052225577,55.663118190669792,56.203432023715536,55.959524916700211,56.225601828332806,55.981554716897911,56.844976588970049,56.595623542417506,57.396268998811607,57.142200423221603,57.944560452480957
52768.0,55.30115981,55.182530137829453,55.929447972687875,55.687829865975196,56.220671521855408,55.976585585822818,56.239583447171476,55.995386150670882,56.89987134286055,56.650013958588374,57.437929600976261,57.183471152994009,57.959114175683744
52778.0,55.37036912,55.251429210424568,55.999093852771232,55.756854304662745,56.30760581103246,56.062749133775057,56.346951859276622,56.10180753801373,56.958142031606805,56.707762527114546,57.519691949951422,57.264508208438215,57.988757993434163
52788.0,55.40842296,55.28930863576791,56.058296022304127,55.815525589059241,56.325338714229318,56.080309573449071,56.347434635861447,56.102266784156257,56.957673507988339,56.707277965233857,57.479155947075192,57.224302144584023,57.963600567834206
52798.0,55.51602713,55.396434733763712,56.131381469928158,55.887957648869751,56.407580192214468,56.161818460722685,56.478143750244662,56.231824137537785,57.146648384823415,56.894596805065923,57.700520267481409,57.443730283257004,58.247214505720144
52808.0,55.55594323,55.436166467281623,56.177652977981339,55.933807212814337,56.477670864726754,56.231281438159947,56.476933856259592,56.230604195247842,57.092673857135999,56.841068806561417,57.617211536767897,57.361121844797928,58.130247296118533
52818.0,55.63511616,55.514987911257492,56.295285229077294,56.050406637232307,56.594243750140549,56.346830823563188,56.610623229299215,56.363122245415731,57.187979871327833,56.935535722759752,57.693061726265967,57.43630129969759,58.22637043557868
52828.0,55.72840218,55.60785651859009,56.354121312197456,56.108709352608216,56.634137139787832,56.386354583054725,56.678559686354646,56.430446317654585,57.303118156125691,57.04965263511815,57.787670262826374,57.530065907381754,58.301292215898428
52838.0,55.76614334,55.645423154112017,56.374126467099728,56.128519759408967,56.683227033860859,56.434997350111757,56.725877202052494,56.477331682439306,57.388869993085976,57.134638827560657,57.97642461951547,57.717162412872497,58.453376821527023
52848.0,55.82233804,55.701362696064372,56.440355437782223,56.194153532876705,56.693932926359864,56.445588646758296,56.723330544486323,56.47478515845205,57.306921367874686,57.053377206088292,57.831532812078265,57.57350185071013,58.411937874977866
52858.0,55.89882671,55.777510860107547,56.498748889239891,56.252025862489013,56.810603086919052,56.561233524217727,56.861264525575585,56.611510412616241,57.479888681528422,57.224832875835304,57.989387127457377,57.729975871885273,58.559830858657122
52868.0,55.95310649,55.83154426271615,56.627504944866615,56.37964641572519,56.936437760198416,56.685958258511718,56.935678073669017,56.6852596941253,57.537408050775682,57.281834154953131,58.072785138664194,57.812631666507663,58.527549374554205
52878.0,56.0133809,55.891546787629686,56.670783657858166,56.422531032429497,56.98956947865841,56.738610842845638,57.033575628765327,56.782291008165174,57.639421338979716,57.382945776940346,58.175163444876816,57.914105414532813,58.708708036504731
52888.0,56.08966868,55.967511310707039,57.004607660320637,56.753482319549789,57.623722030873211,57.367291696338299,57.751190891498268,57.493713903092839,58.649304491380349,58.384108519763473,59.49829031574113,59.225802920867622,60.279705046774467
52898.0,56.16391333,56.041462594663166,57.298945589901926,57.045332741244394,58.188956089719092,57.927695368850422,58.388453181730156,58.125524064821015,59.332175693311065,59.061136326129642,60.221582022757225,59.942904888966112,60.983055276252479
52908.0,56.23402215,55.991287412182594,57.328605602066695,56.828721619164085,58.086027149785586,57.573342208074742,58.251765009044263,57.736367789468609,59.049490947343003,58.520609980976786,59.676556738681555,59.137104658965818,60.145110962536918
52918.0,56.27635251,56.03328239270207,57.5011948816123,56.998427205266516,58.231481351661017,57.716376956421279,58.445918690083829,57.927272510594307,59.342080176629835,58.808274607617541,60.084369146037474,59.538030864927087,60.709327640509983
52928.0,56.35928029,56.115523903647379,57.575726113566127,57.071743329799958,58.294999506661313,57.77886981925478,58.607412401333455,58.086072474939328,59.633151108138257,59.094446555118651,60.367363048429219,59.816266665366079,61.09831189300445
52938.0,56.43131455,56.186965516198804,57.70278528952354,57.196692780837985,58.459549798332915,57.940674427699712,58.827776202480038,58.302741883202806,59.802840904060133,59.261309271213783,60.61579474500499,60.060532676334653,61.325207838948927
52948.0,56.48843101,56.243609406460457,57.733090224299822,57.22651950572309,58.586222971959401,58.065229073181051,59.008938118678635,58.480858483667731,60.086613848718621,59.540291243080553,61.036805617495205,60.474417258292455,61.763643818620373
52958.0,56.5456764,56.300380807519041,57.810798653779315,57.302939950161239,58.573461960559356,58.052721824189234,58.920821768730015,58.394279159387125,60.009000425338243,59.464035820916898,60.871688431410988,60.312148645175469,61.691682432929262
52968.0,56.62295413,56.377004974811271,57.878238986981984,57.369253102139893,58.673218880918107,58.150802005023429,59.0962520163486,58.566744351732673,60.21197843686155,59.663581231651548,61.098470185116227,60.53509400938583,61.994408724475569
52978.0,56.67203496,56.425672781429618,57.968565452121609,57.458058696243832,58.765052244871981,58.24108967423571,59.166189316970637,58.635509594461311,60.274591874913497,59.725148310640613,61.306445720924536,60.739547661403613,62.092091664687985
52988.0,56.73061359,56.483760803269021,58.015513218797373,57.504231354888802,58.846800998665543,58.321469846898175,59.301574402584656,58.768611599252843,60.353023085061665,59.802266682106378,61.341348528566513,60.773878825568779,62.144227470512035
52998.0,56.80645529,56.558957986006305,58.132112991338651,57.618859940072547,58.849268051120475,58.323911076796627,59.328016110383821,58.794619587200692,60.432234053434634,59.880145953868315,61.293457394590398,60.726822163966986,62.403570058034887
53008.0,56.8723462,56.62429067745412,58.118139311014211,57.605140716888407,58.931465477146993,58.404725267134012,59.410127591350445,58.8753500760169,60.573144541125508,60.018675015985238,61.580516124853332,61.009011346047679,62.380305560105761
53018.0,56.90787368,56.659528242602384,58.240345151339518,57.725297458998988,59.091342182529388,58.56191362165368,59.482712305808732,58.946735440653327,60.629637852676453,60.074245526223471,61.545257991055593,60.974395385057896,62.46145544424256
53028.0,56.98088872,56.73192617372078,58.217719898703159,57.703077633399992,59.040867356738516,58.512318124861267,59.462989689445578,58.927367509650104,60.675202178069618,60.119052397006335,61.652574505111637,61.079902673056395,62.594753446620295
53038.0,57.02989108,56.780519919928587,58.449275493282748,57.930714283049937,59.309736529052486,58.776633996282712,59.842595646155367,59.300535199325168,60.932378010299665,60.371877237714713,61.955505382225354,61.377704691691939,62.85100696753728
53048.0,57.10020973,56.8502420831067,58.422778362146396,57.904683133745245,59.234064737570229,58.702264993207535,59.681701878875629,59.142394506529563,60.832912236835924,60.274117204190681,61.826265530164378,61.250676717138496,62.771939211027409
53058.0,57.19541688,56.944634338128274,58.4512672411498,57.932694178988399,59.199307971863803,58.668108946223406,59.651018053890418,59.112243127876226,60.804863831471117,60.246557594950495,61.765923941466099,61.191375095621801,62.702324527310473
53068.0,57.24045191,56.989297783750047,58.527160754632334,58.007327146531644,59.332689947037721,58.799253076091496,59.815758003088547,59.274212895471585,60.849351613962973,60.290325509111305,61.828208191752147,61.252638148300385,62.881067446657767
53078.0,57.29461437,57.0430078721757,58.653030267928536,58.131080113256267,59.421855105812433,58.886928394920588,59.87019362186183,59.327751292094867,61.047500943418399,60.485131955816144,62.020731198837481,61.441916279568275,63.019212597277949
53088.0,57.37375773,57.121479675220577,58.633390160588363,58.111792911615595,59.371076121490127,58.83703439085614,59.846268494942962,59.304255410958852,60.997373896250942,60.435882349419451,62.031652602906554,61.452677404980612,63.082479812768732
53098.0,57.4246521,57.171946689187699,58.717792545428516,58.194776057342551,59.563037307978966,59.025743653669061,60.073591516754377,59.527723484947927,61.1745039123957,60.610011782057157,62.27050464348693,61.687477316809748,63.164610666480534
53108.0,57.50988306,57.256456023017023,58.862988720185882,58.33752195452962,59.663792435230121,59.124807010356228,60.147938606683695,59.600829822914349,61.273310743985775,60.707163054393739,62.333784247611668,61.749708030309201,63.282138063706093
53118.0,57.56235769,57.30848824571418,58.912108243753551,58.385820950891009,59.695235648875396,59.155730094585373,60.156334760252406,59.609097419705087,61.335637032742298,60.768442013167302,62.345715547818799,61.761449678837529,63.271162942928612
53128.0,57.64444319,57.389875623709941,58.998109149418525,58.470372017621933,59.746103490675331,59.205747305739521,60.201533277351295,59.653542564239238,61.342954695033562,60.775652262458379,62.38515626493502,61.800236836819892,63.297936420382833
53138.0,57.71287301,57.457727762824149,59.02127720192945,58.493168241626314,59.75250555931472,59.212065659248537,60.257833619206252,59.708912094356229,61.336076830339529,60.768922255760359,62.351371225392135,61.767060438596545,63.238569420796829
53148.0,57.74835466,57.49291521296675,58.985375916527339,58.457900585724147,59.730331985729215,59.190293230445008,60.225584175743244,59.6772364582161,61.373327859438078,60.805565379917219,62.417211738517885,61.831808108027559,63.278642645928116
53158.0,57.98766035,57.730177718438604,59.264660313777505,58.73245397568386,60.063593250856755,59.51790577993237,60.508600615234442,59.955460742743476,61.640362362318321,61.068081273448939,62.624693499595281,62.035786361041325,63.622919185100983
53168.0,57.99688351,57.739332360070378,59.308718385876162,58.775783541161722,60.071730257158293,59.525926109638377,60.503504196625371,59.950472846525699,61.647349044356147,61.074971144362195,62.657949796393041,62.068498979410592,63.670000894340546
53178.0,58.02878701,57.770967149688538,59.314609402001935,58.78158523035971,60.119445014723787,59.572840106526009,60.613491584916062,60.058600051938839,61.742999760449699,61.169006866186578,62.689990012536896,62.100008021632114,63.666830588929173
53188.0,58.10619301,57.847721641053056,59.474364266301414,58.938647057191368,60.218614171246962,59.670348272164162,60.616903683524868,60.06198129842025,61.658894374981237,61.086360589005615,62.651200365853747,62.06190584777459,63.502739501282178
53198.0,58.14867469,57.88985216157144,59.474570688486473,58.938879106932674,60.261219444018074,59.712259415496654,60.764700909024505,60.207295778923957,61.844969353750962,61.269304198201432,62.823850645792774,62.231656279245456,63.73392534377961
53208.0,58.22467754,57.965205927453532,59.507743310775844,58.971493713418731,60.243814119561385,59.695156767330886,60.708069454349861,60.151634165022664,61.892074584886593,61.315613105445387,62.907868828380217,62.314249828203849,63.934596311123002
53218.0,58.28511771,58.025134214407679,59.634451430321086,59.096059331535237,60.516413054301431,59.96313078442325,60.931464283503864,60.371242742997659,61.998168003939526,61.419918024190508,63.018462154350203,62.42297870443933,63.991207684038713
53228.0,58.34860614,58.088087275110553,59.535050805533587,58.998370399902768,60.277220315883916,59.728029020980991,60.722367693315576,60.165724060720045,61.86470248025045,61.288742932200648,62.853945393491841,62.26128089605195,63.769390851437947
53238.0,58.40400748,58.143020888776682,59.638092414738573,59.099674531881547,60.371527400749606,59.820748210762545,60.822712965604019,60.264379412927134,61.885643747249404,61.309346749202881,62.924479755838377,62.330634442359873,63.917186781967445
53248.0,58.47842081,58.216799731894248,59.859115362293913,59.316943712750906,60.627422057753456,60.072295770239137,61.108940664731193,60.545744016099341,62.162348810732212,61.581351328690651,63.178521267760004,62.580361664190626,64.166385731518687
53258.0,58.53991863,58.277772499639291,59.835463622773482,59.293699763969855,60.612458685129212,60.057591700972303,61.092909282129881,60.529989475308881,62.235369573178438,61.653132894755323,63.316972076469284,62.716459683322057,64.342754597774345
53268.0,58.57231912,58.309898082448761,59.838941494046978,59.297124912741459,60.653224330992707,60.097670070769396,61.091944117652346,60.529047343311532,62.259951878245666,61.677303529209311,63.285525942559822,62.685555548759332,64.310087885107578
53278.0,58.63927791,58.376290645463428,59.970652194909874,59.426612094076013,60.788377736041191,60.230542798083768,61.309072268734752,60.742501056000656,62.433222855125805,61.847648446636072,63.412483298347695,62.810376727366396,64.27560935703697
53288.0,58.69020033,58.42678396818345,60.065499327423339,59.519862133249951,60.823321305406495,60.264910003193272,61.276195616011435,60.710203034609592,62.38305141761618,61.798350810565488,63.341154638324362,62.740282605691959,64.297927728308878
53298.0,58.76601967,58.501954584271246,60.142763956819145,59.595816681765456,60.913007244879907,60.353075371654121,61.421988098560739,60.853521095456912,62.501022144158433,61.914321816405781,63.433329796681612,62.830898105543916,64.512060421795937
53308.0,58.83241312,58.5677800339557,60.132286616962652,59.585521296105512,60.950099356789345,60.38953973591537,61.426780954139957,60.858235810170228,62.49133061476833,61.904798510386478,63.457588079884452,62.854746696350183,64.578580235076259
53318.0,58.88171373,58.616655669525009,60.140634976531466,59.593724875566075,60.955461912668596,60.394809199709911,61.421789358744654,60.853328225093961,62.529599802186986,61.942416322497166,63.622288577260271,63.016645361402212,64.588765810407949
53328.0,58.94834466,58.682710357120463,60.241001390432039,59.692374894996739,60.949700914680562,60.389138369839834,61.44079067319489,60.871998470979904,62.562434124796944,61.974684267222798,63.665669758197545,63.05928084866769,64.608738569914877
53338.0,59.02761454,58.761295350387954,60.385273032029531,59.83418155358801,61.224025749512705,60.658784761172967,61.77173138002189,61.197297695308357,62.910569669147158,62.31688624274183,63.995352282875068,63.383344441108434,64.927694779466322
53348.0,59.08664987,58.819823684235701,60.330672284678379,59.780510950348457,61.109427908688325,60.54613921189506,61.546658462130743,60.976057931978723,62.694811736369807,62.104803229416937,63.652487023408462,63.046317471502618,64.679643606769943
53358.0,59.14043387,58.873142603996669,60.467182047787851,59.914692147242221,61.215188848897363,60.650096794685084,61.673959152949195,61.101190568815468,62.814445021560303,62.222400734512384,63.860300507768663,63.250596350141095,64.837644648235965
53368.0,59.20709073,58.939220102919393,60.50203979990652,59.948941595297697,61.319299140574451,60.75241960979163,61.7775640114928,61.203016404489887,62.880018382219305,62.286841840830022,63.961556695752442,63.350112425356343,65.03279169333004
53378.0,59.28010131,59.011602165250274,60.587330868645481,60.032775609012788,61.370149778489839,60.802397661990213,61.802213896686006,61.227237809744679,62.955288492714637,62.360820040446129,63.971424989574579,63.359800122718056,64.958827843669752
53388.0,59.34229118,59.073244588804592,60.603195814799754,60.04834268703938,61.427616906561141,60.858858177151042,61.901661058706381,61.32496369115961,63.027219749095892,62.431497698096955,63.997806848830024,63.38570295703628,64.928894145974041
53398.0,59.38257878,59.113182121797216,60.748129128155405,60.190801438436608,61.585758384482652,61.014301479724573,62.034810019529274,61.455841173751885,63.183142805248906,62.584762709077552,64.286631526668103,63.669608879754101,65.251737061573778
53408.0,59.43262116,59.162788337411406,60.818886057359769,60.260340950614633,61.603302469598916,61.03153407031315,62.077993364315326,61.498276798064829,63.160982974916919,62.562967266944639,64.238429294506687,63.622213946234581,65.427843303328444
53418.0,59.51854943,59.247969373749513,60.762443667343334,60.204839765410682,61.513512546473798,60.943252176679891,61.974225627268616,61.396254255271749,63.139444846828781,62.54177358045397,64.140489741365798,63.525918453602529,65.186012367585775
53428.0,59.56999556,59.298960293260897,60.821127566508274,60.262497832574425,61.554561377589387,60.983575604583706,62.006015172841401,61.427476418859889,63.097381707035503,62.500399887620098,64.123541069017108,63.509231286695993,65.016178857007588
53438.0,59.63102577,59.359459267031028,60.969101621039833,60.407937418043858,61.783805685727621,61.208901520001135,62.224756428251517,61.642478020829287,63.285044310798156,62.684851474771058,64.250165484708035,63.633683156188646,65.273268633697128
53448.0,59.69982009,59.427651801210878,60.994395762516334,60.432777149771738,61.790493770044662,61.215450308131189,62.261642394415858,61.678709209461076,63.354181591623735,62.75278327818706,64.290369408621657,63.673172635342262,65.198790433119768
53458.0,59.76427244,59.491542217595885,61.161998925794428,60.59750822217687,61.934007101216018,61.356500384015497,62.378643844846934,61.793697515511163,63.46956346215277,62.866177933860556,64.445828499222372,63.825960716481283,65.545417679294829
53468.0,59.81479432,59.541626904956672,61.158783202769882,60.594340085294419,61.933894193901601,61.356381798136916,62.302350678063348,61.718695127570186,63.435133640818052,62.832325374553832,64.48236994260489,63.861870634605694,65.51508833630399
53478.0,59.86837005,59.594724252673586,61.120782657335511,60.556950260411604,61.973336258631271,61.395116394126262,62.482717076443656,61.895955998286247,63.592725420248719,62.987200228245399,64.618021848851484,63.995179987109509,65.557516746206602
53488.0,59.9502012,59.675850223168567,61.243421195242249,60.677496099591352,62.017661746471937,61.438683004907404,62.490911707481175,61.904007111017478,63.668570599030978,63.061750161055251,64.735259165108559,64.110417713408197,65.672962795078362
53498.0,59.99764378,59.72286907885362,61.312180860405228,60.74505130319546,62.097394484388012,61.517023513777957,62.496325768074428,61.909293651446802,63.657919450863737,63.051243343102598,64.599603342860689,63.977032834561015,65.460688702744719
53508.0,60.03929477,59.764151310412871,61.314935573246416,60.747737061479519,62.074740861840347,61.494733552226187,62.503261594391972,61.916089498764748,63.641558511185259,63.035138848121861,64.64080380338298,64.017509504260303,65.750338086875885
53518.0,60.12653109,59.850625791389355,61.408416580890261,60.83960135126128,62.141463517642457,61.560295630418786,62.55636430170258,61.968264188607797,63.623485442648359,63.017349685643232,64.58987373888877,63.967422574473652,65.665193360302368
53528.0,60.15297818,59.876823301077536,61.410796656744168,60.841894671287179,62.19393283020537,61.611823848155254,62.536296340578112,61.948489586573324,63.549368749117768,62.944444725257661,64.527420259740907,63.905980116208966,65.436436905366861
53538.0,60.22928696,59.952459515022518,61.546601203504409,60.975351744809167,62.293724763841446,61.709881450353762,62.674907515594882,62.084705523939959,63.758383579217416,63.14986504326702,64.720558885625152,64.095794623073942,65.722672527274852
53548.0,60.28431044,60.006996100171918,61.647548088185744,61.074551479797293,62.36733851994876,61.782214457445548,62.761402928888565,62.169701911302404,63.787936598505532,63.178889310329126,64.761122644263807,64.13564247337564,65.77296981517523
53558.0,60.33834975,60.06055091518153,61.676052287018742,61.102530670969543,62.426050388375536,61.839888001378853,62.84304057981965,62.249912500971746,63.812490815512703,63.202989707265282,64.790412183379161,64.164398352402159,65.708674148288154
53568.0,60.3887905,60.110540169980119,61.68171021699019,61.108055873455093,62.365412392997882,61.780246391169712,62.727537700813031,62.136340459208498,63.875329507767482,63.26472070841821,64.77474051681483,64.14895617954916,65.65707092104897
53578.0,60.44741941,60.16847623172135,61.785642678021155,61.209831293770755,62.489677472993954,61.902000901105872,62.90235628291137,62.307783647574581,63.960359362266253,63.347893578137132,64.923057978491542,64.294328437424397,65.943083839435744
53588.0,60.50901139,60.229538790502829,61.759582585935163,61.184216639879985,62.550270858178656,61.961563682283781,62.932471809508172,62.337389347400709,63.975557976371419,63.362837759208496,64.950432799885121,64.321242369245994,65.671188835835693
53598.0,60.55010154,60.270266862731056,61.811614709774332,61.235345295852788,62.5059968749162,61.918028890756794,62.861654338109645,62.267764397549115,63.877577300803289,63.266512996122238,64.850600089823402,64.223097445649174,65.689125711661646
53608.0,60.61622498,60.335818172251493,61.859829336697224,61.282730919901034,62.54898608343526,61.960278388241633,62.848241116742834,62.254573105577897,63.847585368603887,63.237025417238939,64.813032446388959,64.186163052043383,65.756523585314966
53618.0,60.67365419,60.392744974549174,61.894863770801138,61.317151012680384,62.60824355736009,62.018508846475193,62.990667395141038,62.394555273236193,64.013014737380814,63.399619166638793,64.944424221928358,64.315300105315529,65.884077191156422
53628.0,60.74495447,60.463421828427329,61.945073756592514,61.366483354597221,62.594021224001317,62.004506286511614,62.859483547921833,62.265583906362401,63.946197215918886,63.333914957683099,64.847773755422907,64.2202698760548,65.949773697577669
53638.0,60.7781856,60.496341937048555,61.830929759015547,61.25423456178801,62.348149933560521,61.762775062323293,62.493565969334,61.905852051339316,63.247589054104054,62.647161358348235,64.020907310080304,63.407440406187284,64.734032537866966
53648.0,60.83556369,60.553175160604027,61.833908292390014,61.257057532992128,62.350473855403791,61.764952430015605,62.653232257273771,62.062688006355295,63.568128567658832,62.962125475378208,64.241659626857498,63.624317401523186,64.981442036324879
53658.0,60.88992359,60.607039925934622,61.927828980757724,61.349319256828558,62.524014861426878,61.935474756024171,62.692735609563563,62.101457036552375,63.616313439338356,63.009425050633695,64.438970939986874,63.818197998001679,65.252712527243546
53668.0,60.84361649,60.561106155432235,62.069355365835776,61.488381553541792,62.795588436771212,62.202366509233009,63.071377446684629,62.473592481401376,64.091043999779032,63.476011293789881,64.973238905788961,64.343307682795754,65.760728343925535
53678.0,60.68212961,60.401000682605307,61.839445105851681,61.262376525881301,62.535785027167911,61.946976976064406,62.841322562179968,62.247443043204342,63.813662024768313,63.203340596354131,64.67833642442271,64.053413814267287,65.493291619517578
53688.0,60.56450121,60.284371231963959,61.775836383964304,61.199825948612997,62.436748141922379,61.849601455511888,62.774662879397965,62.181891659619659,63.83194827001973,63.22128517070999,64.744572506386703,64.118489728621569,65.491831430886577
53698.0,60.48509034,60.205631835471522,61.715875541692931,61.140862825580918,62.502068689624885,61.913781224371931,62.815886758510601,62.222384839755037,63.784508414722048,63.174625309046029,64.631381972402892,64.00719874302942,65.534886803081264
53708.0,60.41204921,60.133207660475378,61.638590767092268,61.064873299697602,62.446328407643428,61.858968300772474,62.828664961343364,62.234921747881614,63.882394396497602,63.270818278056417,64.751218614721381,64.124968388614988,65.517095268965107
53718.0,60.33977361,60.061534088647711,61.519467779333922,60.947741106138977,62.211568234192697,61.628169243414597,62.543307374935388,61.954386116973254,63.504628348481695,62.899447165060351,64.431689822952734,63.810837642342953,65.256307086858911
53728.0,60.28986196,60.012033566560255,61.478383566562755,60.907320955500133,62.276473949789441,61.691930669049547,62.655452004908049,62.064581247998618,63.686244858489779,63.077929232611226,64.617475830066141,63.9934186129138,65.438354860074682
53738.0,60.23997219,59.96255994798782,61.421790429270992,60.851667039854583,62.194632170585862,61.611458559260747,62.54400110348395,61.955005062569185,63.593438985517729,62.986679260958653,64.518812522532841,63.896410562661792,65.354194388152663
53748.0,60.21142573,59.934234244392151,61.509674871355195,60.93800199077738,62.175748239519187,61.592846665011059,62.536913155517702,61.947987974820428,63.486325941057842,62.881342656658852,64.379695124258561,63.759614376765711,65.264395743996559
53758.0,60.18762946,59.910624860885321,61.476218383911487,60.90508065208325,62.150842928062929,61.568330688007087,62.43450304714947,61.847290053364475,63.479945822315365,62.875035683990149,64.372237434668179,63.752248185157065,65.197306348939208
53768.0,60.15191803,59.875221498143475,61.398861474940695,60.829046207805199,62.071544808058121,61.490388967290393,62.465381401353284,61.877645769761671,63.448844550480601,62.844470632793346,64.39613693310983,63.775746527984069,65.345098276533861
53778.0,60.13284419,59.856278483769465,61.447759839015148,60.877042010832142,62.290695742973391,61.705730995801268,62.636609076469171,62.045882571019668,63.697147970320174,63.088466782621978,64.668525927565568,64.043416540548179,65.498582515338057
53788.0,60.11157775,59.835175341754159,61.300036126200929,60.731798710120202,62.082387211045031,61.5009349539502,62.435725233455337,61.848382996553255,63.519657500607558,62.91395902762131,64.453474412420888,63.831986614490411,65.274066585398757
53798.0,60.07078544,59.794715255905103,61.346916648787889,60.777840639282296,62.035893456443034,61.455195645809773,62.385146954419291,61.798628379525795,63.426927711981136,62.822770914749981,64.411453992783734,63.790641048207704,65.24007999694706
53808.0,60.05509712,59.779149904130755,61.356718033661174,60.787449455986483,62.062250302156492,61.481076356749163,62.475536267295794,61.887448028169239,63.486051778004594,62.8808580594945,64.401990662460108,63.781310406571244,65.34325049557016
53818.0,60.00908534,59.733519377153435,61.268025687256113,60.700240786636215,61.98176458038165,61.40193352728911,62.321133777304517,61.735649639811456,63.352518264127951,62.749571132555324,64.285692448905465,63.6669634773178,65.184681700243345
53828.0,59.98816305,59.712749473477743,61.311337743955704,60.742757504317467,62.025299738376681,61.44466927627689,62.442316917750766,61.854708319786504,63.454260338977136,62.849520181762649,64.40689694625226,63.786042379945869,65.223362946135779
53838.0,59.98122375,59.705855231398566,61.160895808046632,60.594851879590209,61.872570524153133,61.294512279992894,62.339237673736385,61.753350852767127,63.363548306192072,62.7603156583071,64.31962079675688,63.700212054059314,65.204313838012567
53848.0,59.94081164,59.665778030016774,61.212928255903599,60.645969643857974,61.956998377291967,61.377472411906155,62.365034242982134,61.778680978319024,63.438507180209214,62.833968429746093,64.374038979872395,63.753674706630413,65.258363274862191
53858.0,59.90681939,59.632059377407643,61.152536139981898,60.586567902099382,61.980631420845064,61.400658603741938,62.379248489162016,61.79260728902225,63.386125651197212,62.782433229228999,64.336841366745176,63.717061323507515,65.297034800984747
53868.0,59.88611911,59.611515735425087,61.126044476516896,60.560482249525478,61.842205041197261,61.264546085074663,62.286490353488425,61.701379971290763,63.371555102370053,62.768054668159898,64.327634776528342,63.707951743471192,65.266090626111151
53878.0,59.85875185,59.584376785812786,60.979044222082813,60.41597462236038,61.733885519005526,61.158055508844733,62.158404483229575,61.575457622936085,63.178950866622394,62.578712276657306,64.128501927761633,63.512188662924778,65.017869209208769
53888.0,59.83174083,59.557574697335312,61.061687344974601,60.497157160496279,61.831779782536934,61.254226994907619,62.229665708081193,61.645449636885019,63.279571740988146,62.677560395902027,64.157995387622307,63.541121966980185,65.120543417226514
53898.0,59.80915176,59.535165729034311,61.056150705872746,60.491685121135838,61.785484455415727,61.20869121115355,62.154242199457521,61.571282132012676,63.189459746420013,62.588953560761595,64.11009718400723,63.494006459205735,64.945411345337504
53908.0,59.79148551,59.517631974031346,60.926152834871829,60.363866751394966,61.687931677040254,61.112761966883028,62.017514238338279,61.436845459306554,63.129029216344087,62.529509048371324,64.076912334098139,63.46134057835269,65.010814873506376
53918.0,59.76675225,59.493090798616187,60.970193682839877,60.407112576885936,61.680525485217501,61.105438590643871,62.042618828305642,61.461477077297438,63.048587233785959,62.450395357562662,63.979027834826006,63.365080575658048,64.932145717143811
53928.0,59.73982708,59.466378635640481,60.98328473363614,60.419940941537369,61.765902328597335,61.189316970936922,62.206885426420271,61.622897407650989,63.246292742142266,62.644682752280211,64.148192901635085,63.531314564766205,65.113093223592486
53938.0,59.70908575,59.435895387457563,60.938181785432739,60.37559335354608,61.714314098607133,61.138593179503552,62.120822235752421,61.538285924525404,63.094792340255339,62.495749774223754,64.015586151334418,63.400950253554143,64.929823190248541
53948.0,59.68098919,59.408016201508829,60.890938628714494,60.329105201042843,61.652955607192226,61.078227896207345,62.063906347812228,61.482284928028641,63.137598091401443,62.537763693535354,64.081233306881785,63.465412723364309,64.920245494453681
53958.0,59.66758718,59.394712030551752,60.941251195773724,60.378522638427782,61.679648866047572,61.104429354034927,62.063487189538584,61.481837238136428,63.121854774823532,62.522252865548388,64.11661449172685,63.500152319254859,65.03455682807008
53968.0,59.63321997,59.360634634291308,60.944925146384534,60.382120483644144,61.661412620077932,61.086490707170661,62.060353031076431,61.478742104268534,63.112411269121026,62.512955412250172,64.009344619762572,63.394698970951353,64.800727428167335
53978.0,59.59239529,59.320149061528831,60.819277082336249,60.258594561211396,61.530239836265658,60.957534842020642,61.978232352132984,61.398000931110644,63.008791502214599,62.411082784631404,64.002361592672472,63.387812439188799,64.835577658932479
53988.0,59.58987284,59.317638314746667,60.819707322989771,60.25899790746206,61.624966040905342,61.050623606194023,61.972136602469774,61.391991454943295,63.019701221203526,62.421788509698246,63.87981021097405,63.267337648524013,64.795163704165745
53998.0,59.57166859,59.299579799275577,60.863028451802123,60.301556952895886,61.538683809353337,60.965794244702089,61.903407285694044,61.324415341076211,62.955813843461826,62.358971437099868,63.92776868862817,63.314455435184279,64.868125615847816
54008.0,59.54691777,59.275025257214281,60.754723880407937,60.195068772160688,61.550723933194078,60.977593896836645,61.943938820517452,61.364219970367607,62.94154080677869,62.344907738781487,63.853135034837571,63.24106210907852,64.808623034891781
54018.0,59.52680378,59.255076267935983,60.760994360867585,60.20121480821399,61.460077896282115,60.888478895513906,61.849803162058663,61.271674121965034,62.92541411218707,62.329036696461898,63.812217416817944,63.200823011503488,64.708546924659956
54028.0,59.52036077,59.248678988374728,60.758578845226559,60.198821714000061,61.495342025940019,60.923122322063527,61.866542830026034,61.288110764675608,62.925912106958698,62.32950980763674,63.926897836695574,63.313528026549754,64.737645855809745
54038.0,59.50750093,59.235925102385778,60.893201705651862,60.331135430937856,61.644389403091118,61.069615881220066,61.953946878371248,61.374016386946984,63.004362658043277,62.406616400796665,63.972850017229391,63.35869303245105,64.877622491957979
54048.0,59.49921148,59.22769156269527,60.721897461157525,60.162728090523643,61.406449677612343,60.835711573146327,61.764282839481638,61.187562617966734,62.7952460932338,62.201041901080799,63.692606929429843,63.08320686565478,64.524262707163317
54058.0,59.47773922,59.20639854959763,60.713331335799865,60.15429770607544,61.487561804189696,60.915427898070739,61.899311767181231,61.320275930840047,62.951428551441325,62.354548856353389,63.875222712551015,63.262697181077499,64.728504342485579
54068.0,59.45774052,59.186553260007727,60.678485829746982,60.120008400158632,61.372604055791165,60.802393951818381,61.764683794036806,61.187906375591581,62.856473558292429,62.261171813696997,63.769213395290251,63.158452678439396,64.656209935101671
54078.0,59.45287901,59.181717583586185,60.622059961555188,60.06451510783112,61.287440813861366,60.71865447772521,61.689421525029353,61.113898823016903,62.767201195619222,62.173393138415591,63.727967647271349,63.117879369711559,64.549682115548251
54088.0,59.44805675,59.176924914991666,60.732331720605082,60.172878293034174,61.410801416219307,60.839883557698499,61.768124784170773,61.191234915738278,62.869280947015874,62.27370645373199,63.824090794290861,63.212338398554245,64.757224278505163
54098.0,59.45333314,59.182143746825695,60.641905427697637,60.083971957801452,61.348017560471227,60.778145120144387,61.713133895232275,61.137154580741829,62.779482991631156,62.185411864656309,63.73838501233331,63.128063807727202,64.670771296237263
54108.0,59.45245514,59.18125482433414,60.65947886285894,60.101206302125334,61.428818468646682,60.857524411153499,61.813813261457121,61.236071546870221,62.86177765927561,62.266256744885219,63.856362350389375,63.243979741189435,64.718956520690284
54118.0,59.47544185,59.20402457914782,60.739988738617257,60.180301388262833,61.501544665577939,60.928968185120816,61.862132525188592,61.283525351657644,62.925484103835053,62.328833485578031,63.910831831041691,63.297476382195889,64.906364012221886
54128.0,59.47711681,59.205680437563025,60.774855503042197,60.214559694879398,61.475853517931697,60.903700976095308,61.790871446275091,61.213464172229216,62.87173687246802,62.275983236740892,63.936727436640915,63.32290400741222,64.883252931534599
54138.0,59.48669664,59.215153926350311,60.724397502437377,60.164917363936446,61.414826794663803,60.843670841309724,61.878713969856186,61.299758731656958,62.980348453866071,62.382692092129659,63.891476560663975,63.278381538040797,64.905224742777676
54148.0,59.50453005,59.232823739849685,60.801880121894065,60.241055177265956,61.466513189879841,60.894453446605766,61.843845339027787,61.265466198736242,62.905313182556512,62.308918825738552,63.895774376431767,63.282583956385714,64.814330979460635
54158.0,59.50786536,59.236112539739871,60.795160379517483,60.234414499803535,61.508860970187008,60.936040979913336,61.913728043640276,61.334118102146014,62.939731202263175,62.342712111806257,63.872307336061766,63.25948152163722,64.773160949669119
54168.0,59.54182166,59.269757501986795,60.819158933566392,60.257966773715715,61.544785898909176,60.97131677260905,61.929589087132122,61.349674622256799,62.979190490938613,62.381464010370692,63.937330585004105,63.323361124592111,64.814153141207285
54178.0,59.55282731,59.280657599833972,60.854156438270259,60.292343338294309,61.633378230660263,61.058370583364137,62.022498328031531,61.440970959821236,63.078704726499844,62.479251421755372,64.034183651930078,63.418532001447133,65.072589070731667
54188.0,59.56940363,59.297072121557925,60.844394968865501,60.282709913479877,61.625002288012617,61.050097586875772,61.991331820862015,61.41029622868566,63.08674099125988,62.487107175900384,63.976094433809415,63.361391653264029,64.921689898983985
54198.0,59.59323258,59.320669655663131,60.790744080841527,60.229924202319317,61.53426713556869,60.960860708477682,61.923185330822314,61.34326095416705,62.997212462734701,62.399053810735438,63.945653020264402,63.331413242178662,64.799892459748492
54208.0,59.62722333,59.35436044570794,60.903273036290017,60.340515589082948,61.572930700129291,60.9988511521994,61.902558029762993,61.322975471761943,63.009109436055695,62.410736513456804,63.961852317767587,63.34732511297247,64.709659672579491
54218.0,59.6446399,59.371609129384133,60.865855142220745,60.303702441764706,61.587053151240063,61.012696503964975,61.953623777176837,61.373132596562364,63.059001325430629,62.459739591584963,64.037136987152067,63.421286511876367,64.887714619950017
54228.0,59.67146909,59.398188144736714,60.88733592371603,60.32477892601743,61.629654867205502,61.054533132171692,62.00914218974053,61.427665999635266,63.093446876524418,62.49356084725688,64.031971529015834,63.416174638565572,64.934323554030641
54238.0,59.69154061,59.418067766034774,60.941546216714229,60.378022748568654,61.697876879255922,61.121547448190334,62.058924983304827,61.476555521443238,63.173188291307355,62.571894537989202,64.04216143038181,63.426145076238157,65.006011917370074
54248.0,59.69978971,59.426231287823462,60.876501153211862,60.314061019921738,61.616469798077745,61.041502525779379,62.011526242101922,61.429936266114488,63.047774725465025,62.448593848891761,63.961938468045567,63.347260332893278,64.871450139514579
54258.0,59.73031758,59.456475354454973,61.01006489982926,60.445297567761827,61.693410049466301,61.117083605611505,62.059409652396688,61.476957017429775,63.150413355237028,62.5494313687268,64.068569015944178,63.452020303171828,64.854398129250953
54268.0,59.7520049,59.477964819536844,60.99015678718856,60.425708612363195,61.703640641851536,61.127117430790499,62.05571162648156,61.473300678789521,63.089957220622566,62.489987657815988,64.007590787953987,63.392062835784365,64.863562655802482
54278.0,59.79166158,59.517253376736129,60.990863653213331,60.426352069681229,61.760632310638883,61.183082763373541,62.070701258306677,61.487983814440781,63.182685223124153,62.581078665970516,64.084044496763696,63.467158390259691,64.921204629072349
54288.0,59.81909031,59.544437424833568,61.061086331285061,60.495357735493442,61.79671701357239,61.218535419452877,62.113976451819674,61.530504743427201,63.202543343358371,62.600583712154751,64.0741626159367,63.457432814436849,64.963426424808773
54298.0,59.85043417,59.57549316877234,61.119871249983774,60.553101941298678,61.857470079156286,61.278214687917277,62.211074961639611,61.625908514888842,63.280476896791278,62.67715090879009,64.227233465954697,63.607851961593852,65.015519048549137
54308.0,59.90480804,59.629381969106042,61.129656060480265,60.562687745706938,61.864170973212246,61.28476907975918,62.212592500029707,61.62736834419011,63.27448677614823,62.671230928021714,64.238010958537373,63.61841205906611,65.115385481561461
54318.0,59.94653834,59.670716764254486,61.194087890027824,60.625945073334279,61.988519012012553,61.40691593271864,62.290901521736338,61.704264262877047,63.360624069659558,62.75581937650751,64.325955844830531,63.704775666439076,65.162719875581132
54328.0,59.98183937,59.703799285670648,61.187556589965254,60.615623357622908,62.055428963313872,61.468677807878031,62.407035533324432,61.814368179900875,63.501081123397505,62.889703477122332,64.408209365737804,63.781348116748219,65.331169861062975
54338.0,60.03219361,59.753698077990528,61.269497027470806,60.696116316937037,62.086216610328052,61.498899824646344,62.428506696799246,61.835434791056976,63.457057810441441,62.84640409003714,64.43466447677703,63.807311924492922,65.409639075311162
54348.0,60.07661601,59.797710752882118,61.368608790088572,60.793473045090686,62.187834201757383,61.598719707276913,62.485811640242211,61.891707068022356,63.644802498631968,63.030867701181045,64.69529636700463,64.06340709814674,65.559307678164714
54358.0,60.53315934,60.250267096118236,61.841812776594047,61.258486531709792,62.676452209386646,62.078883715018897,62.995510284274602,62.392591157356222,64.10202427783355,63.480181550941069,65.107529680297432,64.468509864816937,65.934097016196745
54368.0,60.53364827,60.250733157179511,61.849284306527053,61.265791491024373,62.678462204087879,62.080820690959534,62.974106941763203,62.371518378388451,64.053261535896212,63.432219973915366,65.011875657417519,64.374464299472436,65.903662635622595
54378.0,60.55574496,60.27262121646045,61.798037158647539,61.215393663329579,62.608210844762063,62.01174463583969,62.949607690104564,62.347404429826874,63.993852349874736,63.3737961868204,65.039255370065518,64.401331329152256,66.045639825257169
54388.0,60.56466662,60.281447028575265,61.849170113593551,61.26560822383864,62.580447200668722,61.984422691724411,62.886792307871183,62.285635014965337,63.969430964230149,63.34975777243816,64.951048286514705,64.314606133419588,65.881522867498191
54398.0,60.58574585,60.30233200739265,61.839217831156468,61.255805553597604,62.627190894936454,62.030338182240925,63.008833701083944,62.405550225325982,64.128425057065442,63.505988715302415,65.172435479217626,64.532154817051733,66.050759970025737
54408.0,60.610298,60.32665538436121,61.880342956281858,61.296190528269101,62.655556054329772,62.05818267891209,62.93263264374486,62.330631313182224,64.052596396384345,63.431434347719453,65.055676605990769,64.417374636637007,66.065471610769777
54418.0,60.67127319,60.387073682781612,61.977441853898313,61.391561126553484,62.737789687835061,62.138943693414234,63.036855683273473,62.433002591219456,64.122254960847854,63.49983601893824,65.191577099165713,64.55087475339387,66.123898104613616
54428.0,60.79379316,60.508515604319612,62.035208649433017,61.448306291306146,62.847774298811558,62.247005206801724,63.132898713305579,62.527362595445794,64.229584118250671,63.605286521564871,65.219356395923711,64.578146328845222,66.181298082703123
54438.0,60.85864534,60.572785897518258,62.185061438868999,61.59553926122355,62.89463358796246,62.293021388866478,63.224785585548638,62.617630288235986,64.386319922459265,63.7592845865125,65.330906272431832,64.687738048251745,66.297138508380641
54448.0,60.91651525,60.630148859684311,62.123387668240127,61.534921430923475,62.842270189904752,62.241552193568296,63.241834335815213,62.634375079543688,64.34844378960544,63.722050907149381,65.40144883459871,64.757052127968805,66.265616700124482
54458.0,60.93671277,60.650142537307303,62.13641210196068,61.547664979020148,62.888677137321842,62.287102327749466,63.139628303417382,62.53387611866858,64.212479389020615,63.588374468789631,65.233406289320968,64.591849374033558,66.165568600333714
54468.0,60.96753836,60.680682669121651,62.210923270022718,61.620856073158976,62.971177960830026,62.36814511046849,63.320715943593065,62.711805572140683,64.39379397323043,63.766527007380986,65.284568720707142,64.642094899868241,66.226854565358479
54478.0,60.99495921,60.707840584514017,62.227444716512032,61.637043243952213,62.909215316324278,62.307201362227474,63.203620388040981,62.596679458909286,64.296687265181063,63.671043050428572,65.167338103731396,64.52683268492666,66.076380004364736
54488.0,61.03619286,60.748700628949258,62.252526827507005,61.661660413205759,62.971207468215518,62.368089143760855,63.250334866599665,62.642550978747948,64.315973202452085,63.689956312229192,65.38417315426527,64.739884175393158,66.297591210774968
54498.0,61.07023397,60.782427750927006,62.309982461229438,61.71808829887329,63.002995004427952,62.399290885583731,63.262141454935005,62.65411593943201,64.331636485518487,63.705309946709612,65.371650569562178,64.727536757693144,66.289553912878134
54508.0,61.11500491,60.826790584341531,62.320160650045374,61.728053064806517,63.093829545500455,62.488519381969887,63.442683483986087,62.831504019508095,64.48173729197363,63.852781482304884,65.487107839189321,64.840961817199656,66.300610656838202
54518.0,61.14723911,60.858725643504584,62.391925749769754,61.798542421550373,63.161664759280278,62.555146495360042,63.479916988844948,62.868057733933824,64.56715030984698,63.936682742043665,65.496203006013502,64.849861720441581,66.399393214810019
54528.0,61.20817465,60.919117994371547,62.423768418203068,61.8298105917181,63.119147486668595,62.513338333755804,63.393938962755122,62.78353921372932,64.425460790475469,63.79741370192459,65.34932628845813,64.705494467219523,66.181834381440225
54538.0,61.25233145,60.962862590046505,62.450025836144043,61.855558861079658,63.139617944947616,62.533399051302403,63.414182966978913,62.80337759147308,64.483476235882193,63.85437064119067,65.393616930147829,64.748962776057922,66.219812835296409
54548.0,61.25124302,60.961775574958509,62.425988716796233,61.831921329477126,63.128570907248488,62.52252815068605,63.459401458396215,62.847802201165955,64.485020796906014,63.855875922783206,65.375319210115222,64.730968952744774,66.228955635431291
54558.0,61.3325002,61.042305823090942,62.518084924750454,61.922387757177177,63.225063644171556,62.617314096084947,63.541748736805104,62.928686138581796,64.567587740040167,63.936974185111112,65.527391927785658,64.880372004627873,66.400206200701589
54568.0,61.38064491,61.090012104280923,62.511087022328041,61.915471884869511,63.232908918289397,62.624984695648777,63.524602196403258,62.911796292386271,64.500232516371241,63.870741332478786,65.40919408343818,64.764172970540571,66.229259315371365
54578.0,61.42691128,61.135854336147297,62.581890192492516,61.985008523506032,63.402854647646201,62.791950796956371,63.680205374846423,63.06466667957843,64.779487109195045,64.14512710279628,65.741486871365836,65.090680489244107,66.613201150504906
54588.0,61.45610077,61.164778958991469,62.614020948650889,62.016563506721525,63.332397046150717,62.722688494376335,63.676615234491607,63.061117604030528,64.70964666561386,64.07647117148278,65.596998423999437,64.948664712701486,66.418209574209413
54598.0,61.49265889,61.200983899837475,62.634434314429605,62.036553343671777,63.284471725691425,62.675517670152196,63.55591715321281,62.942429010985791,64.572013566283758,63.941136800530252,65.556358916114604,64.90864652937816,66.436140187724817
54608.0,61.56109176,61.268811995386542,62.786884238905543,62.186353982960696,63.50750622977236,62.894685142579149,63.851794298611736,63.233182947903025,64.837048436836128,64.201582327768151,65.756564391330059,65.105383152760837,66.5429301422094
54618.0,61.59601229,61.3034047420173,62.723413187687271,62.123930911554822,63.426999991446245,62.815519877406558,63.76239076616622,63.145273310482658,64.759324235105325,64.125148736036365,65.715932651924575,65.065400110109692,66.430587997778019
54628.0,61.62822794,61.335327405833226,62.765647617174302,62.16541132873401,63.449064802598301,62.837178972417902,63.698782535210057,63.082738845837035,64.694129459591394,64.061054404012509,65.633126075087191,64.983997377051836,66.423860538005428
54638.0,61.67419893,61.380874126192381,62.884496233792682,62.2821580922976,63.562273377195119,62.94838148546247,63.883860068772975,63.264568255748671,64.920856812697579,64.283812735557035,65.88250901186386,65.229018675870421,66.73371296689524
54648.0,61.72605463,61.432264370534284,62.970548250723873,62.366695678051947,63.637857794198304,63.022631565736084,63.961127653254593,63.340471999360375,64.974545987668634,64.336544242615687,65.874176142236848,65.220798125900217,66.74674488962583
54658.0,61.74282834,61.452867076882285,62.982978784688818,62.387010860521734,63.721183317573917,63.112786098046719,64.05711465737393,63.443145159836455,65.099299565716535,64.467726591266128,66.013317717312503,65.366329788455701,66.873980112979922
54668.0,61.80051479,61.510040034128544,63.002326938090064,62.405993401318511,63.669463413184538,63.061910887074092,63.922523496516618,63.31081016493107,64.923941251280269,64.295317389482278,65.735779358567669,65.093479786715918,66.603755984484167
54678.0,61.83592336,61.545126939405769,62.991428909266006,62.395246576404617,63.692375979587197,63.084398586361125,64.003031420893578,63.389912467163605,64.982788914126772,64.353128655025458,65.939290765215119,65.293490066000174,66.794786175610383
54688.0,61.88424267,61.593007507405822,63.081916353287106,62.484146016478469,63.706866453865359,63.098597102356699,63.996760879217085,63.38370491286306,65.071037119385309,64.439829318612595,65.890840150209698,65.245821979564681,66.712362547574315
54698.0,61.93597104,61.644274336961587,63.161226636826854,62.562070746691916,63.877810448600741,63.266594071349751,64.17147065035148,63.555404386769666,65.164026124044469,64.53120082764876,66.143306729841186,65.493953291844647,66.989068756227255
54708.0,61.98256661,61.690455004105573,63.166573355581882,62.567296385345657,63.822991781782626,63.212678334081232,64.052535682071735,63.438463738691851,65.036430154942778,64.405744582284726,65.913822930744246,65.26834340426069,66.721364014338207
54718.0,61.99855758,61.7062794024474,63.172987855392776,62.573542072201455,63.818540630495022,63.208242181493659,64.113280083106446,63.49811121603846,65.176817928350914,64.543676319995228,65.998691072021217,65.351700711859294,66.907773243877571
54728.0,62.05875015,61.765944637997741,63.245240287682513,62.644542899862486,63.915576366519232,63.303603713675074,64.212953845858564,63.596065958370055,65.235838930482331,64.601670939610969,66.152843692199426,65.503205116801595,66.965872032338694
54738.0,62.10270869,61.80949834566816,63.304476173171572,62.702716345383855,63.967843196660048,63.35492806958684,64.207741588317688,63.590892750770763,65.204323144559865,64.570642862186801,66.151968602638433,65.502295739495111,67.035459785998285
54748.0,62.11815842,61.824807423538921,63.399582149291057,62.796185012204027,64.085591428981985,63.470653000150691,64.357331378733278,63.737916731496732,65.340860943687886,64.704837451748006,66.245476097581786,65.594193612677671,66.939113541003465
54758.0,62.15063662,61.856974959359626,63.38678060352705,62.783537488371806,64.010944618254015,63.397213000404221,64.236259335214029,63.618841837795991,65.147671307850715,64.514871806199764,66.061796466595609,65.41357296524896,66.80363183502206
54768.0,62.17617336,61.882281346900115,63.421406936412609,62.817550916772376,64.119261422713407,63.503659623598587,64.410698936094647,63.790283616093255,65.3952779896306,64.758232838961078,66.302904573265067,65.650546192028173,67.197023998613432
54778.0,62.20444783,61.910289146330484,63.399145508075584,62.795621329456949,64.012751278354656,63.398916864338311,64.296392976016961,63.677877154046506,65.175342451915057,64.541996049433322,66.012845926625261,65.365379717235598,66.787300468899701
54788.0,62.24725601,61.952714274528667,63.450710844680195,62.846276416155867,64.131404746223254,63.515515068792126,64.444468480675127,63.823395254822216,65.407036113767333,64.769705696153366,66.320179640910723,65.667439296722264,67.115533968156612
54798.0,62.26792079,61.973178817866938,63.475295859177251,62.870396862439527,64.163078721511937,63.546603245325741,64.404237904321846,63.783805208342201,65.365437312969348,64.728769719758887,66.173885442584066,65.523592275071195,67.000321795351297
54808.0,62.29308374,61.998109150238953,63.484318513245306,62.879233382807591,64.184053881151314,63.567188450703014,64.498034150678023,63.875970130430559,65.496222981625749,64.857293440876106,66.32256003588175,65.669700355871583,67.061084413693393
54818.0,62.30612523,62.011023663973333,63.495032565156173,62.889732924639631,64.196473563677714,63.57936227143481,64.416533452320365,63.795823391651616,65.348067688159816,64.711625896716441,66.237238019193484,65.585791352814852,66.955023200956973
54828.0,62.34570621,62.050247903912449,63.550383935646565,62.944106551063449,64.222347413935466,63.604760002297667,64.475157255997814,63.853411687860415,65.447101218744365,64.808933402577253,66.241584310390365,65.590025465906336,67.004603726065099
54838.0,62.36111196,62.065499947165421,63.576325912047928,62.969561250203199,64.167345917128955,63.550649403340941,64.400818104993888,63.780290925045435,65.419971786549652,64.782213837890097,66.306010630841939,65.6532971965797,67.149200483744494
54848.0,62.40815006,62.112109545377926,63.561590560046895,62.955028658896353,64.222747344397234,63.605056075060638,64.508419992731305,63.886007334103837,65.508239578859104,64.868924849435786,66.421311663964303,65.766579303110746,67.236801911602157
54858.0,62.44891397,62.152504581188701,63.582152047141577,62.975203228111624,64.289395148170627,63.670530786268031,64.643832197694124,64.019074030629284,65.644941737110429,65.00325972034922,66.540166806825667,65.88337193033567,67.240928615866309
54868.0,62.47928981,62.182599260381295,63.645172415774553,63.037107975033365,64.365369939163301,63.745168081082639,64.597415969400629,63.973407890087891,65.636367693355055,64.994788425914351,66.470664531634398,65.815010402088049,67.26106855243205
54878.0,62.50873879,62.211779573343073,63.661255770775078,63.052885870146063,64.391308441700033,63.770632308204206,64.670861753990607,64.045568677894636,65.632911850427789,64.991358930130033,66.515381616834333,65.858931086517842,67.305601075642116
54888.0,62.56639744,62.268929503852334,63.730402959583053,63.120827536795289,64.449643334821999,63.827945548722269,64.783325239730402,64.156086650030275,65.82196624656919,65.177160497069949,66.73584221937034,66.075602907898414,67.565359911587635
54898.0,62.60097732,62.303184751372548,63.757725739140874,63.147628783070886,64.399492917439417,63.778594085331569,64.702889804276822,64.076965680200658,65.674421543440516,65.032072879464408,66.585970570994647,65.928225432269841,67.45075332567832
54908.0,62.61077449,62.312883577843856,63.802174503091237,63.191290557379332,64.469837457214823,63.847709409663302,64.7039690903527,64.077997744850379,65.639369544338336,64.997589377882022,66.579009871330513,65.921352926447568,67.519119085778797
54918.0,62.67094623,62.37250286015464,63.817749157911486,63.206531232722256,64.473507898537378,63.851249664132069,64.765050191316135,64.137970328290308,65.834526790114836,65.189350299446389,66.774803427044901,66.113740284234495,67.576474850792664
54928.0,62.70392151,62.405188563087897,63.927809152488805,63.314701666186913,64.603998862019779,63.979503031826923,64.889789421037264,64.260570988719735,65.884776928462628,65.238733696647188,66.745366143845928,66.084796471346124,67.637109594202073
54938.0,62.73992972,62.440869735433488,63.936710467965632,63.323416761007906,64.603984077089038,63.979453936610362,64.921867304743188,64.292066901016852,65.941406670569222,65.294361978131562,66.858455229255796,66.195920287965208,67.643833337776968
54948.0,62.78709186,62.487614349547073,63.984352784170291,63.37022341696305,64.534755780968283,63.911385325937765,64.808184846963997,64.180303123000883,65.828995255430314,65.183847115421884,66.752056244767246,66.091314877238645,67.632279957204503
54958.0,62.81307331,62.513361017253771,64.065709385840847,63.4501693818316,64.543826911265086,63.920280213074363,64.843987431063525,64.215473597454164,65.953772934032401,65.306474069666933,66.887185467234062,66.224117254942527,67.626585548230523
54968.0,62.85962541,62.559485044834112,63.989051829746401,63.374765901906883,64.397378827445863,63.776277366569147,64.616151551998115,63.991472008477551,65.73892347729533,65.095235315499238,66.728251180320669,66.067837626380367,67.753178664001751
54978.0,62.92416532,62.62345681060998,64.034035794051533,63.418956527914645,64.379837493077318,63.759009657784077,64.667519589432445,64.041936763848838,65.918076897357778,65.271303203676325,66.976055704035332,66.31138457003189,67.888578035107315
54988.0,62.94136197,62.640475080703069,63.836931452053946,63.225155774385115,64.138673130481948,63.521899467091245,64.338115114229765,63.718091187507937,65.691973799613436,65.048991564404929,66.9138701825498,66.250189048750954,67.893466294292239
54998.0,62.98558355,62.684303700013729,63.728652631496011,63.118700659559316,63.778688272277016,63.168034416627563,63.856578657783494,63.244747303974847,65.272619693948528,64.636764495562289,66.573972769721024,65.916058616435407,67.74569034125615
55008.0,63.03277335,62.731068764107128,63.710679464770891,63.100996992040272,63.75815981607002,63.147818276702921,63.836602153738205,63.225072839972526,65.238482894602413,64.603169297470487,66.696831080081296,66.036775801474093,68.016178176446971
55018.0,63.07859539,62.776475050868335,63.607603771711297,62.999638430817818,63.516001246717629,62.909750424351451,63.406502623516516,62.802271148676184,64.855783628501371,64.226953967930811,66.406219620482162,65.751071498687267,67.628805949001134
55028.0,63.11422558,62.811801500786537,63.472268446350945,62.866620699366919,63.236744839924476,62.635268796583262,63.053616271315704,62.45541580298076,64.50567246136066,63.882825300350326,66.27297141696944,65.620101736036204,67.753960753872462
55038.0,63.16434005,62.861459804994766,63.397953281325563,62.793525948626048,63.034438231950084,62.436368154925844,62.733792431150597,62.141003904559462,64.135126896742676,63.518554185380857,65.902360509281095,65.255762066824076,67.510435619746701
55048.0,63.19101303,62.887883301923772,63.295058394829681,62.692349061358108,62.826773698854154,62.232210503109016,62.426650693986979,61.83906695479881,63.643007374729969,63.034795136771166,65.431254427304523,64.792652973119104,67.244717527187831
55058.0,63.25585015,62.952154693730073,63.269182126201933,62.666898896575802,62.710543398800127,62.11794771542602,62.209825661409759,61.625925258339571,63.291947596474429,62.689707909059628,65.063509363561892,64.431161276899417,66.721622807628606
55068.0,63.27597102,62.972073267614689,63.184517687245958,62.58362344289884,62.539761553865894,61.950026042895082,61.88346084040694,61.305077718755079,62.775581312243339,62.182100539090193,64.519996364726296,63.896865264338764,66.266144633542524
55078.0,63.32004545,63.015750844159101,63.143421814440963,62.543195843346631,62.44172597501727,61.853631551855798,61.708058365246075,61.132637780180403,62.414527196942529,61.82717811329951,64.05611358854253,63.440866923717977,65.86876382094826
55088.0,63.35901522,63.054380670399169,63.137701604760011,62.537565149137215,62.404456612013242,61.816990669946073,61.585423928343467,61.012089859381973,62.109258997400687,61.527115129803356,63.562286854994632,62.955464172657926,65.557475278786015
55098.0,63.44593017,63.140522768712991,63.185271832464828,62.584277288767119,62.430665538830652,61.84270880133942,61.532796082164545,60.960320321922218,61.850233689697859,61.272474036765544,62.993682440612588,62.396530153388554,64.855642887598577
55108.0,63.48642396,63.180640536840166,63.222910350306471,62.621220458590507,62.434232562112292,61.84616430318782,61.507015584911876,60.934931470542402,61.641565521391172,61.067321730462304,62.538745069174468,61.949313485382575,64.24014940236647
55118.0,63.52132008,63.215220610267593,63.221406000244492,62.619712116390517,62.420075030727482,61.832219771645796,61.463833793064403,60.892459416773505,61.459877148135057,60.888709237214989,62.222822507228919,61.638758608835992,63.644845439806716
55128.0,63.57933634,63.272710920419868,63.26735065994319,62.664821575927789,62.460607257861341,61.872010950275957,61.492936361269244,60.921018093033254,61.363833264949214,60.794260149618246,61.903554526693313,61.324898129201344,63.284567172056185
55138.0,63.62166195,63.314648250656994,63.30599008120398,62.702753935934204,62.498541886996861,61.90925066021525,61.503552565023561,60.931406477912674,61.292827478142065,60.724420332355777,61.571555076895464,60.998522141758777,62.585505152988723
55148.0,63.66655715,63.359149808997628,63.333175709884863,62.729461388650549,62.509751334627822,61.920254669842521,61.509302645601778,60.937044139518093,61.241739469674989,60.67419055496989,61.355775185640582,60.786413635400336,62.284441496695202
55158.0,63.70576151,63.397997615166993,63.36480897910689,62.760518860607895,62.536873841864384,61.946880448085317,61.511686576776626,60.939356235287661,61.202595179322529,60.635685345849438,61.162589996284581,60.596500526771493,61.860702921641511
55168.0,63.74985309,63.441686545047645,63.407880222492999,62.80280959165124,62.572609409164585,61.981961552862458,61.538672710438959,60.965838324454388,61.200059568336918,60.633150176634544,61.046374677508474,60.482227906559942,61.499621546584279
55178.0,63.7762225,63.467809981785621,63.428642447064888,62.823181554450287,62.58466616955176,61.993778645358503,61.534726443767802,60.961927866210189,61.174999351780265,60.608487791469088,60.918943867442884,60.35694540285759,61.173312187284452
55188.0,63.81272451,63.503972910546182,63.46006376228646,62.854017630051437,62.610901867893737,62.019518248218368,61.551698405721446,60.978562829741335,61.179644086393417,60.613006023423068,60.883535719432714,60.322094943497973,60.937749399846695
55198.0,63.8762733,63.566964331026625,63.516455322558286,62.909426849552183,62.663447272096832,62.071147645744986,61.600438197223518,61.026452344979141,61.216857590434486,60.649566573096713,60.859424269919806,60.29837896147864,60.809109199324546
